<annotation>
	<folder>dot pen</folder>
	<filename>41. personalised-printed--dot-soft-pen.jpg</filename>
	<path>C:\Users\shankul\google-images-download\downloads\dot pen\41. personalised-printed--dot-soft-pen.jpg</path>
	<source>
		<database>Unknown</database>
	</source>
	<size>
		<width>600</width>
		<height>600</height>
		<depth>3</depth>
	</size>
	<segmented>0</segmented>
	<object>
		<name>pen</name>
		<pose>Unspecified</pose>
		<truncated>0</truncated>
		<difficult>0</difficult>
		<bndbox>
			<xmin>31</xmin>
			<ymin>33</ymin>
			<xmax>562</xmax>
			<ymax>560</ymax>
		</bndbox>
	</object>
</annotation>
