<annotation>
	<folder>gel pen</folder>
	<filename>22. cello-butter-gel-pen---pack-of-10-500x500.jpg</filename>
	<path>C:\Users\shankul\google-images-download\downloads\gel pen\22. cello-butter-gel-pen---pack-of-10-500x500.jpg</path>
	<source>
		<database>Unknown</database>
	</source>
	<size>
		<width>500</width>
		<height>500</height>
		<depth>3</depth>
	</size>
	<segmented>0</segmented>
	<object>
		<name>pen</name>
		<pose>Unspecified</pose>
		<truncated>0</truncated>
		<difficult>0</difficult>
		<bndbox>
			<xmin>21</xmin>
			<ymin>232</ymin>
			<xmax>489</xmax>
			<ymax>291</ymax>
		</bndbox>
	</object>
</annotation>
