<annotation>
	<folder>gel pen</folder>
	<filename>9. 448-home_default.jpg</filename>
	<path>C:\Users\shankul\google-images-download\downloads\gel pen\9. 448-home_default.jpg</path>
	<source>
		<database>Unknown</database>
	</source>
	<size>
		<width>400</width>
		<height>227</height>
		<depth>3</depth>
	</size>
	<segmented>0</segmented>
	<object>
		<name>pen</name>
		<pose>Unspecified</pose>
		<truncated>0</truncated>
		<difficult>0</difficult>
		<bndbox>
			<xmin>11</xmin>
			<ymin>98</ymin>
			<xmax>383</xmax>
			<ymax>131</ymax>
		</bndbox>
	</object>
</annotation>
