<annotation>
	<folder>pen</folder>
	<filename>33. 51lgjdtxvsl._sl1200_.jpg</filename>
	<path>C:\Users\shankul\google-images-download\downloads\pen\33. 51lgjdtxvsl._sl1200_.jpg</path>
	<source>
		<database>Unknown</database>
	</source>
	<size>
		<width>1200</width>
		<height>1200</height>
		<depth>3</depth>
	</size>
	<segmented>0</segmented>
	<object>
		<name>pen</name>
		<pose>Unspecified</pose>
		<truncated>0</truncated>
		<difficult>0</difficult>
		<bndbox>
			<xmin>51</xmin>
			<ymin>47</ymin>
			<xmax>1154</xmax>
			<ymax>1156</ymax>
		</bndbox>
	</object>
</annotation>
