<annotation>
	<folder>gel pen</folder>
	<filename>7. 316djfghwil._sx425_.jpg</filename>
	<path>C:\Users\shankul\google-images-download\downloads\gel pen\7. 316djfghwil._sx425_.jpg</path>
	<source>
		<database>Unknown</database>
	</source>
	<size>
		<width>425</width>
		<height>498</height>
		<depth>3</depth>
	</size>
	<segmented>0</segmented>
	<object>
		<name>pen</name>
		<pose>Unspecified</pose>
		<truncated>0</truncated>
		<difficult>0</difficult>
		<bndbox>
			<xmin>34</xmin>
			<ymin>165</ymin>
			<xmax>398</xmax>
			<ymax>321</ymax>
		</bndbox>
	</object>
</annotation>
