<annotation>
	<folder>pen</folder>
	<filename>35. metal_rollerball_pen_pause_black_hero.jpg</filename>
	<path>C:\Users\shankul\google-images-download\downloads\pen\35. metal_rollerball_pen_pause_black_hero.jpg</path>
	<source>
		<database>Unknown</database>
	</source>
	<size>
		<width>1500</width>
		<height>1335</height>
		<depth>1</depth>
	</size>
	<segmented>0</segmented>
	<object>
		<name>pen</name>
		<pose>Unspecified</pose>
		<truncated>0</truncated>
		<difficult>0</difficult>
		<bndbox>
			<xmin>42</xmin>
			<ymin>45</ymin>
			<xmax>1472</xmax>
			<ymax>1281</ymax>
		</bndbox>
	</object>
</annotation>
