<annotation>
	<folder>pen</folder>
	<filename>45. lamy-safari-fountain-pen-17-1344663-1-a7685.jpg</filename>
	<path>C:\Users\shankul\google-images-download\downloads\pen\45. lamy-safari-fountain-pen-17-1344663-1-a7685.jpg</path>
	<source>
		<database>Unknown</database>
	</source>
	<size>
		<width>620</width>
		<height>726</height>
		<depth>3</depth>
	</size>
	<segmented>0</segmented>
	<object>
		<name>pen</name>
		<pose>Unspecified</pose>
		<truncated>0</truncated>
		<difficult>0</difficult>
		<bndbox>
			<xmin>64</xmin>
			<ymin>48</ymin>
			<xmax>528</xmax>
			<ymax>680</ymax>
		</bndbox>
	</object>
</annotation>
