<annotation>
	<folder>gel pen</folder>
	<filename>80. s-l300.jpg</filename>
	<path>C:\Users\shankul\google-images-download\downloads\gel pen\80. s-l300.jpg</path>
	<source>
		<database>Unknown</database>
	</source>
	<size>
		<width>272</width>
		<height>300</height>
		<depth>3</depth>
	</size>
	<segmented>0</segmented>
	<object>
		<name>pen</name>
		<pose>Unspecified</pose>
		<truncated>0</truncated>
		<difficult>0</difficult>
		<bndbox>
			<xmin>117</xmin>
			<ymin>6</ymin>
			<xmax>157</xmax>
			<ymax>289</ymax>
		</bndbox>
	</object>
</annotation>
