<annotation>
	<folder>pen</folder>
	<filename>32. 1007626_1.jpg</filename>
	<path>C:\Users\shankul\google-images-download\downloads\pen\32. 1007626_1.jpg</path>
	<source>
		<database>Unknown</database>
	</source>
	<size>
		<width>425</width>
		<height>651</height>
		<depth>3</depth>
	</size>
	<segmented>0</segmented>
	<object>
		<name>pen</name>
		<pose>Unspecified</pose>
		<truncated>0</truncated>
		<difficult>0</difficult>
		<bndbox>
			<xmin>33</xmin>
			<ymin>8</ymin>
			<xmax>404</xmax>
			<ymax>642</ymax>
		</bndbox>
	</object>
</annotation>
