<annotation>
	<folder>pen</folder>
	<filename>71. 045-ball-pen_1.jpg</filename>
	<path>C:\Users\shankul\google-images-download\downloads\pen\71. 045-ball-pen_1.jpg</path>
	<source>
		<database>Unknown</database>
	</source>
	<size>
		<width>365</width>
		<height>365</height>
		<depth>3</depth>
	</size>
	<segmented>0</segmented>
	<object>
		<name>pen</name>
		<pose>Unspecified</pose>
		<truncated>0</truncated>
		<difficult>0</difficult>
		<bndbox>
			<xmin>4</xmin>
			<ymin>31</ymin>
			<xmax>363</xmax>
			<ymax>333</ymax>
		</bndbox>
	</object>
</annotation>
