<annotation>
	<folder>gel pen</folder>
	<filename>45. cat-gel-pen-add-gel.jpg</filename>
	<path>C:\Users\shankul\google-images-download\downloads\gel pen\45. cat-gel-pen-add-gel.jpg</path>
	<source>
		<database>Unknown</database>
	</source>
	<size>
		<width>354</width>
		<height>402</height>
		<depth>3</depth>
	</size>
	<segmented>0</segmented>
	<object>
		<name>pen</name>
		<pose>Unspecified</pose>
		<truncated>0</truncated>
		<difficult>0</difficult>
		<bndbox>
			<xmin>100</xmin>
			<ymin>13</ymin>
			<xmax>214</xmax>
			<ymax>386</ymax>
		</bndbox>
	</object>
</annotation>
