<annotation>
	<folder>gel pen</folder>
	<filename>6. rorito-blue-gel-pen-500x500.jpg</filename>
	<path>C:\Users\shankul\google-images-download\downloads\gel pen\6. rorito-blue-gel-pen-500x500.jpg</path>
	<source>
		<database>Unknown</database>
	</source>
	<size>
		<width>500</width>
		<height>500</height>
		<depth>3</depth>
	</size>
	<segmented>0</segmented>
	<object>
		<name>pen</name>
		<pose>Unspecified</pose>
		<truncated>0</truncated>
		<difficult>0</difficult>
		<bndbox>
			<xmin>217</xmin>
			<ymin>8</ymin>
			<xmax>285</xmax>
			<ymax>496</ymax>
		</bndbox>
	</object>
</annotation>
