<annotation>
	<folder>pen</folder>
	<filename>40. pen-darling-autograph-crystal-pen-1_1000x.jpg</filename>
	<path>C:\Users\shankul\google-images-download\downloads\pen\40. pen-darling-autograph-crystal-pen-1_1000x.jpg</path>
	<source>
		<database>Unknown</database>
	</source>
	<size>
		<width>1000</width>
		<height>1000</height>
		<depth>3</depth>
	</size>
	<segmented>0</segmented>
	<object>
		<name>pen</name>
		<pose>Unspecified</pose>
		<truncated>0</truncated>
		<difficult>0</difficult>
		<bndbox>
			<xmin>95</xmin>
			<ymin>66</ymin>
			<xmax>888</xmax>
			<ymax>904</ymax>
		</bndbox>
	</object>
</annotation>
