<annotation>
	<folder>gel pen</folder>
	<filename>49. crazyelife-classmate1-octane-gel-pen-red.jpg</filename>
	<path>C:\Users\shankul\google-images-download\downloads\gel pen\49. crazyelife-classmate1-octane-gel-pen-red.jpg</path>
	<source>
		<database>Unknown</database>
	</source>
	<size>
		<width>800</width>
		<height>800</height>
		<depth>3</depth>
	</size>
	<segmented>0</segmented>
	<object>
		<name>pen</name>
		<pose>Unspecified</pose>
		<truncated>0</truncated>
		<difficult>0</difficult>
		<bndbox>
			<xmin>365</xmin>
			<ymin>22</ymin>
			<xmax>449</xmax>
			<ymax>784</ymax>
		</bndbox>
	</object>
</annotation>
