<annotation>
	<folder>pen</folder>
	<filename>66. 137304-10-2.jpg</filename>
	<path>C:\Users\shankul\google-images-download\downloads\pen\66. 137304-10-2.jpg</path>
	<source>
		<database>Unknown</database>
	</source>
	<size>
		<width>400</width>
		<height>600</height>
		<depth>3</depth>
	</size>
	<segmented>0</segmented>
	<object>
		<name>pen</name>
		<pose>Unspecified</pose>
		<truncated>0</truncated>
		<difficult>0</difficult>
		<bndbox>
			<xmin>173</xmin>
			<ymin>43</ymin>
			<xmax>234</xmax>
			<ymax>564</ymax>
		</bndbox>
	</object>
</annotation>
