<annotation>
	<folder>dot pen</folder>
	<filename>19. pen-500x500.png</filename>
	<path>C:\Users\shankul\google-images-download\downloads\dot pen\19. pen-500x500.png</path>
	<source>
		<database>Unknown</database>
	</source>
	<size>
		<width>500</width>
		<height>500</height>
		<depth>3</depth>
	</size>
	<segmented>0</segmented>
	<object>
		<name>pen</name>
		<pose>Unspecified</pose>
		<truncated>0</truncated>
		<difficult>0</difficult>
		<bndbox>
			<xmin>112</xmin>
			<ymin>34</ymin>
			<xmax>377</xmax>
			<ymax>457</ymax>
		</bndbox>
	</object>
</annotation>
