<annotation>
	<folder>pen</folder>
	<filename>62. 458-2.jpg</filename>
	<path>C:\Users\shankul\google-images-download\downloads\pen\62. 458-2.jpg</path>
	<source>
		<database>Unknown</database>
	</source>
	<size>
		<width>800</width>
		<height>475</height>
		<depth>3</depth>
	</size>
	<segmented>0</segmented>
	<object>
		<name>pen</name>
		<pose>Unspecified</pose>
		<truncated>0</truncated>
		<difficult>0</difficult>
		<bndbox>
			<xmin>14</xmin>
			<ymin>66</ymin>
			<xmax>776</xmax>
			<ymax>410</ymax>
		</bndbox>
	</object>
</annotation>
