<annotation>
	<folder>pen</folder>
	<filename>67. shocking-pen1.jpg</filename>
	<path>C:\Users\shankul\google-images-download\downloads\pen\67. shocking-pen1.jpg</path>
	<source>
		<database>Unknown</database>
	</source>
	<size>
		<width>550</width>
		<height>550</height>
		<depth>3</depth>
	</size>
	<segmented>0</segmented>
	<object>
		<name>pen</name>
		<pose>Unspecified</pose>
		<truncated>0</truncated>
		<difficult>0</difficult>
		<bndbox>
			<xmin>17</xmin>
			<ymin>33</ymin>
			<xmax>494</xmax>
			<ymax>527</ymax>
		</bndbox>
	</object>
</annotation>
