<annotation>
	<folder>dot pen</folder>
	<filename>30. 44483.jpg</filename>
	<path>C:\Users\shankul\google-images-download\downloads\dot pen\30. 44483.jpg</path>
	<source>
		<database>Unknown</database>
	</source>
	<size>
		<width>600</width>
		<height>400</height>
		<depth>3</depth>
	</size>
	<segmented>0</segmented>
	<object>
		<name>pen</name>
		<pose>Unspecified</pose>
		<truncated>0</truncated>
		<difficult>0</difficult>
		<bndbox>
			<xmin>26</xmin>
			<ymin>26</ymin>
			<xmax>580</xmax>
			<ymax>375</ymax>
		</bndbox>
	</object>
</annotation>
