<annotation>
	<folder>people showing pen photo</folder>
	<filename>39. depositphotos_191503178-stock-photo-text-sign-showing-let-us.jpg</filename>
	<path>C:\Users\shankul\Desktop\object-detection\images\train\img17.jpg</path>
	<source>
		<database>Unknown</database>
	</source>
	<size>
		<width>1600</width>
		<height>1167</height>
		<depth>3</depth>
	</size>
	<segmented>0</segmented>
	<object>
		<name>pen</name>
		<pose>Unspecified</pose>
		<truncated>0</truncated>
		<difficult>0</difficult>
		<bndbox>
			<xmin>263</xmin>
			<ymin>865</ymin>
			<xmax>1099</xmax>
			<ymax>975</ymax>
		</bndbox>
	</object>
</annotation>
