<annotation>
	<folder>people showing pen photo</folder>
	<filename>42. stock-photo-start-now-concept-with-newspaper-showing-business-success-concept-57016115.jpg</filename>
	<path>C:\Users\shankul\Desktop\object-detection\images\train\img18.jpg</path>
	<source>
		<database>Unknown</database>
	</source>
	<size>
		<width>1500</width>
		<height>1096</height>
		<depth>3</depth>
	</size>
	<segmented>0</segmented>
	<object>
		<name>pen</name>
		<pose>Unspecified</pose>
		<truncated>1</truncated>
		<difficult>0</difficult>
		<bndbox>
			<xmin>1</xmin>
			<ymin>406</ymin>
			<xmax>926</xmax>
			<ymax>657</ymax>
		</bndbox>
	</object>
</annotation>
