<annotation>
	<folder>pen</folder>
	<filename>42. cross-brand-fonderie-pen.jpg</filename>
	<path>C:\Users\shankul\google-images-download\downloads\pen\42. cross-brand-fonderie-pen.jpg</path>
	<source>
		<database>Unknown</database>
	</source>
	<size>
		<width>582</width>
		<height>392</height>
		<depth>3</depth>
	</size>
	<segmented>0</segmented>
	<object>
		<name>pen</name>
		<pose>Unspecified</pose>
		<truncated>0</truncated>
		<difficult>0</difficult>
		<bndbox>
			<xmin>59</xmin>
			<ymin>200</ymin>
			<xmax>486</xmax>
			<ymax>337</ymax>
		</bndbox>
	</object>
</annotation>
