<annotation>
	<folder>gel pen</folder>
	<filename>15. hauser-blue-gel-pen-set-sdl528628737-2-30ff8.jpg</filename>
	<path>C:\Users\shankul\google-images-download\downloads\gel pen\15. hauser-blue-gel-pen-set-sdl528628737-2-30ff8.jpg</path>
	<source>
		<database>Unknown</database>
	</source>
	<size>
		<width>850</width>
		<height>995</height>
		<depth>3</depth>
	</size>
	<segmented>0</segmented>
	<object>
		<name>pen</name>
		<pose>Unspecified</pose>
		<truncated>0</truncated>
		<difficult>0</difficult>
		<bndbox>
			<xmin>372</xmin>
			<ymin>28</ymin>
			<xmax>481</xmax>
			<ymax>966</ymax>
		</bndbox>
	</object>
</annotation>
