<annotation>
	<folder>dot pen</folder>
	<filename>11. reynolds-pens-250x250.jpg</filename>
	<path>C:\Users\shankul\google-images-download\downloads\dot pen\11. reynolds-pens-250x250.jpg</path>
	<source>
		<database>Unknown</database>
	</source>
	<size>
		<width>250</width>
		<height>250</height>
		<depth>3</depth>
	</size>
	<segmented>0</segmented>
	<object>
		<name>pen</name>
		<pose>Unspecified</pose>
		<truncated>0</truncated>
		<difficult>0</difficult>
		<bndbox>
			<xmin>36</xmin>
			<ymin>22</ymin>
			<xmax>218</xmax>
			<ymax>229</ymax>
		</bndbox>
	</object>
</annotation>
