<annotation>
	<folder>gel pen</folder>
	<filename>36. jaum153sbe_uniball_cso_pk12_uni_gel_impact_pen_be_blue.jpg</filename>
	<path>C:\Users\shankul\google-images-download\downloads\gel pen\36. jaum153sbe_uniball_cso_pk12_uni_gel_impact_pen_be_blue.jpg</path>
	<source>
		<database>Unknown</database>
	</source>
	<size>
		<width>300</width>
		<height>300</height>
		<depth>3</depth>
	</size>
	<segmented>0</segmented>
	<object>
		<name>pen</name>
		<pose>Unspecified</pose>
		<truncated>0</truncated>
		<difficult>0</difficult>
		<bndbox>
			<xmin>3</xmin>
			<ymin>135</ymin>
			<xmax>298</xmax>
			<ymax>167</ymax>
		</bndbox>
	</object>
</annotation>
