<annotation>
	<folder>gel pen</folder>
	<filename>81. magnetic_gel_pen_white_gold_04_detail_c.jpg</filename>
	<path>C:\Users\shankul\google-images-download\downloads\gel pen\81. magnetic_gel_pen_white_gold_04_detail_c.jpg</path>
	<source>
		<database>Unknown</database>
	</source>
	<size>
		<width>700</width>
		<height>623</height>
		<depth>3</depth>
	</size>
	<segmented>0</segmented>
	<object>
		<name>pen</name>
		<pose>Unspecified</pose>
		<truncated>0</truncated>
		<difficult>0</difficult>
		<bndbox>
			<xmin>8</xmin>
			<ymin>15</ymin>
			<xmax>682</xmax>
			<ymax>605</ymax>
		</bndbox>
	</object>
</annotation>
