<annotation>
	<folder>gel pen</folder>
	<filename>31. q-connect-0-5mm-line-black-gel-pen-pack-of-10-kf21.jpg</filename>
	<path>C:\Users\shankul\google-images-download\downloads\gel pen\31. q-connect-0-5mm-line-black-gel-pen-pack-of-10-kf21.jpg</path>
	<source>
		<database>Unknown</database>
	</source>
	<size>
		<width>500</width>
		<height>500</height>
		<depth>3</depth>
	</size>
	<segmented>0</segmented>
	<object>
		<name>pen</name>
		<pose>Unspecified</pose>
		<truncated>0</truncated>
		<difficult>0</difficult>
		<bndbox>
			<xmin>3</xmin>
			<ymin>219</ymin>
			<xmax>497</xmax>
			<ymax>280</ymax>
		</bndbox>
	</object>
</annotation>
