<annotation>
	<folder>gel pen</folder>
	<filename>20. classmate-4030011-original-imaeax46crvpdqq4.jpeg</filename>
	<path>C:\Users\shankul\google-images-download\downloads\gel pen\20. classmate-4030011-original-imaeax46crvpdqq4.jpeg</path>
	<source>
		<database>Unknown</database>
	</source>
	<size>
		<width>295</width>
		<height>312</height>
		<depth>3</depth>
	</size>
	<segmented>0</segmented>
	<object>
		<name>pen</name>
		<pose>Unspecified</pose>
		<truncated>1</truncated>
		<difficult>0</difficult>
		<bndbox>
			<xmin>41</xmin>
			<ymin>1</ymin>
			<xmax>292</xmax>
			<ymax>309</ymax>
		</bndbox>
	</object>
</annotation>
