<annotation>
	<folder>pen</folder>
	<filename>61. image_23d5ad6a-3203-4576-8688-c195d1ec7dff_2048x2048.jpg</filename>
	<path>C:\Users\shankul\google-images-download\downloads\pen\61. image_23d5ad6a-3203-4576-8688-c195d1ec7dff_2048x2048.jpg</path>
	<source>
		<database>Unknown</database>
	</source>
	<size>
		<width>2048</width>
		<height>2048</height>
		<depth>3</depth>
	</size>
	<segmented>0</segmented>
	<object>
		<name>pen</name>
		<pose>Unspecified</pose>
		<truncated>0</truncated>
		<difficult>0</difficult>
		<bndbox>
			<xmin>94</xmin>
			<ymin>199</ymin>
			<xmax>1090</xmax>
			<ymax>1114</ymax>
		</bndbox>
	</object>
</annotation>
