<annotation>
	<folder>pen</folder>
	<filename>6. tm08116~tombow-zoom-101-carbon-rollerball-pen_p1.jpg</filename>
	<path>C:\Users\shankul\google-images-download\downloads\pen\6. tm08116~tombow-zoom-101-carbon-rollerball-pen_p1.jpg</path>
	<source>
		<database>Unknown</database>
	</source>
	<size>
		<width>600</width>
		<height>600</height>
		<depth>3</depth>
	</size>
	<segmented>0</segmented>
	<object>
		<name>pen</name>
		<pose>Unspecified</pose>
		<truncated>0</truncated>
		<difficult>0</difficult>
		<bndbox>
			<xmin>20</xmin>
			<ymin>22</ymin>
			<xmax>588</xmax>
			<ymax>586</ymax>
		</bndbox>
	</object>
</annotation>
