<annotation>
	<folder>people showing pen photo</folder>
	<filename>1. woman-showing-pen-closeup-51489259.jpg</filename>
	<path>C:\Users\shankul\Desktop\object-detection\images\train\img1.jpg</path>
	<source>
		<database>Unknown</database>
	</source>
	<size>
		<width>800</width>
		<height>530</height>
		<depth>3</depth>
	</size>
	<segmented>0</segmented>
	<object>
		<name>pen</name>
		<pose>Unspecified</pose>
		<truncated>0</truncated>
		<difficult>0</difficult>
		<bndbox>
			<xmin>217</xmin>
			<ymin>232</ymin>
			<xmax>471</xmax>
			<ymax>444</ymax>
		</bndbox>
	</object>
</annotation>
