<annotation>
	<folder>pen</folder>
	<filename>58. cello-benz-ball-pen-blue-07mm-pack-of-10.jpg</filename>
	<path>C:\Users\shankul\google-images-download\downloads\pen\58. cello-benz-ball-pen-blue-07mm-pack-of-10.jpg</path>
	<source>
		<database>Unknown</database>
	</source>
	<size>
		<width>250</width>
		<height>250</height>
		<depth>3</depth>
	</size>
	<segmented>0</segmented>
	<object>
		<name>pen</name>
		<pose>Unspecified</pose>
		<truncated>0</truncated>
		<difficult>0</difficult>
		<bndbox>
			<xmin>70</xmin>
			<ymin>2</ymin>
			<xmax>172</xmax>
			<ymax>240</ymax>
		</bndbox>
	</object>
</annotation>
