<annotation>
	<folder>gel pen</folder>
	<filename>56. linc-twinn-spider-man-gel-pen-plus-pencil.jpg</filename>
	<path>C:\Users\shankul\google-images-download\downloads\gel pen\56. linc-twinn-spider-man-gel-pen-plus-pencil.jpg</path>
	<source>
		<database>Unknown</database>
	</source>
	<size>
		<width>720</width>
		<height>400</height>
		<depth>3</depth>
	</size>
	<segmented>0</segmented>
	<object>
		<name>pen</name>
		<pose>Unspecified</pose>
		<truncated>0</truncated>
		<difficult>0</difficult>
		<bndbox>
			<xmin>30</xmin>
			<ymin>169</ymin>
			<xmax>701</xmax>
			<ymax>222</ymax>
		</bndbox>
	</object>
</annotation>
