<annotation>
	<folder>dot pen</folder>
	<filename>21. 5pcs-set-double-ended-dotting-pen-filling-with-colorful-bead-dot-pen-manicure-nail-art-tool.jpg</filename>
	<path>C:\Users\shankul\google-images-download\downloads\dot pen\21. 5pcs-set-double-ended-dotting-pen-filling-with-colorful-bead-dot-pen-manicure-nail-art-tool.jpg</path>
	<source>
		<database>Unknown</database>
	</source>
	<size>
		<width>800</width>
		<height>800</height>
		<depth>3</depth>
	</size>
	<segmented>0</segmented>
	<object>
		<name>pen</name>
		<pose>Unspecified</pose>
		<truncated>0</truncated>
		<difficult>0</difficult>
		<bndbox>
			<xmin>162</xmin>
			<ymin>31</ymin>
			<xmax>221</xmax>
			<ymax>770</ymax>
		</bndbox>
	</object>
	<object>
		<name>pen</name>
		<pose>Unspecified</pose>
		<truncated>0</truncated>
		<difficult>0</difficult>
		<bndbox>
			<xmin>266</xmin>
			<ymin>36</ymin>
			<xmax>336</xmax>
			<ymax>761</ymax>
		</bndbox>
	</object>
	<object>
		<name>pen</name>
		<pose>Unspecified</pose>
		<truncated>0</truncated>
		<difficult>0</difficult>
		<bndbox>
			<xmin>375</xmin>
			<ymin>31</ymin>
			<xmax>447</xmax>
			<ymax>781</ymax>
		</bndbox>
	</object>
	<object>
		<name>pen</name>
		<pose>Unspecified</pose>
		<truncated>0</truncated>
		<difficult>0</difficult>
		<bndbox>
			<xmin>477</xmin>
			<ymin>27</ymin>
			<xmax>521</xmax>
			<ymax>777</ymax>
		</bndbox>
	</object>
	<object>
		<name>pen</name>
		<pose>Unspecified</pose>
		<truncated>0</truncated>
		<difficult>0</difficult>
		<bndbox>
			<xmin>565</xmin>
			<ymin>27</ymin>
			<xmax>631</xmax>
			<ymax>781</ymax>
		</bndbox>
	</object>
</annotation>
