<annotation>
	<folder>pen</folder>
	<filename>77. 35295419_1.jpg</filename>
	<path>C:\Users\shankul\google-images-download\downloads\pen\77. 35295419_1.jpg</path>
	<source>
		<database>Unknown</database>
	</source>
	<size>
		<width>425</width>
		<height>655</height>
		<depth>3</depth>
	</size>
	<segmented>0</segmented>
	<object>
		<name>pen</name>
		<pose>Unspecified</pose>
		<truncated>0</truncated>
		<difficult>0</difficult>
		<bndbox>
			<xmin>24</xmin>
			<ymin>21</ymin>
			<xmax>403</xmax>
			<ymax>651</ymax>
		</bndbox>
	</object>
</annotation>
