<annotation>
	<folder>pen</folder>
	<filename>64. 26337.jpg</filename>
	<path>C:\Users\shankul\google-images-download\downloads\pen\64. 26337.jpg</path>
	<source>
		<database>Unknown</database>
	</source>
	<size>
		<width>600</width>
		<height>400</height>
		<depth>3</depth>
	</size>
	<segmented>0</segmented>
	<object>
		<name>pen</name>
		<pose>Unspecified</pose>
		<truncated>0</truncated>
		<difficult>0</difficult>
		<bndbox>
			<xmin>62</xmin>
			<ymin>26</ymin>
			<xmax>584</xmax>
			<ymax>370</ymax>
		</bndbox>
	</object>
</annotation>
