<annotation>
	<folder>pen</folder>
	<filename>51. flyout-pens-2017.jpg</filename>
	<path>C:\Users\shankul\google-images-download\downloads\pen\51. flyout-pens-2017.jpg</path>
	<source>
		<database>Unknown</database>
	</source>
	<size>
		<width>533</width>
		<height>407</height>
		<depth>3</depth>
	</size>
	<segmented>0</segmented>
	<object>
		<name>pen</name>
		<pose>Unspecified</pose>
		<truncated>0</truncated>
		<difficult>0</difficult>
		<bndbox>
			<xmin>287</xmin>
			<ymin>11</ymin>
			<xmax>527</xmax>
			<ymax>398</ymax>
		</bndbox>
	</object>
</annotation>
