<annotation>
	<folder>pen</folder>
	<filename>68. 244578-ecom-retina-01.png</filename>
	<path>C:\Users\shankul\google-images-download\downloads\pen\68. 244578-ecom-retina-01.png</path>
	<source>
		<database>Unknown</database>
	</source>
	<size>
		<width>1600</width>
		<height>1600</height>
		<depth>3</depth>
	</size>
	<segmented>0</segmented>
	<object>
		<name>pen</name>
		<pose>Unspecified</pose>
		<truncated>0</truncated>
		<difficult>0</difficult>
		<bndbox>
			<xmin>134</xmin>
			<ymin>276</ymin>
			<xmax>1396</xmax>
			<ymax>1592</ymax>
		</bndbox>
	</object>
</annotation>
