<annotation>
	<folder>pen</folder>
	<filename>70. grafton_black_side_17_1024x1024.png</filename>
	<path>C:\Users\shankul\google-images-download\downloads\pen\70. grafton_black_side_17_1024x1024.png</path>
	<source>
		<database>Unknown</database>
	</source>
	<size>
		<width>1024</width>
		<height>1024</height>
		<depth>3</depth>
	</size>
	<segmented>0</segmented>
	<object>
		<name>pen</name>
		<pose>Unspecified</pose>
		<truncated>0</truncated>
		<difficult>0</difficult>
		<bndbox>
			<xmin>441</xmin>
			<ymin>128</ymin>
			<xmax>555</xmax>
			<ymax>925</ymax>
		</bndbox>
	</object>
</annotation>
