<annotation>
	<folder>dot pen</folder>
	<filename>2. 3_112069_178682_wi-1021-gn-bk_large.jpg</filename>
	<path>C:\Users\shankul\google-images-download\downloads\dot pen\2. 3_112069_178682_wi-1021-gn-bk_large.jpg</path>
	<source>
		<database>Unknown</database>
	</source>
	<size>
		<width>500</width>
		<height>500</height>
		<depth>3</depth>
	</size>
	<segmented>0</segmented>
	<object>
		<name>pen</name>
		<pose>Unspecified</pose>
		<truncated>0</truncated>
		<difficult>0</difficult>
		<bndbox>
			<xmin>3</xmin>
			<ymin>5</ymin>
			<xmax>469</xmax>
			<ymax>486</ymax>
		</bndbox>
	</object>
</annotation>
