<annotation>
	<folder>gel pen</folder>
	<filename>10. da636692_pilot_pk4_pilot_g_2_rt_pen_fine_be_blue.jpg</filename>
	<path>C:\Users\shankul\google-images-download\downloads\gel pen\10. da636692_pilot_pk4_pilot_g_2_rt_pen_fine_be_blue.jpg</path>
	<source>
		<database>Unknown</database>
	</source>
	<size>
		<width>300</width>
		<height>300</height>
		<depth>3</depth>
	</size>
	<segmented>0</segmented>
	<object>
		<name>pen</name>
		<pose>Unspecified</pose>
		<truncated>0</truncated>
		<difficult>0</difficult>
		<bndbox>
			<xmin>4</xmin>
			<ymin>136</ymin>
			<xmax>297</xmax>
			<ymax>165</ymax>
		</bndbox>
	</object>
</annotation>
