<annotation>
	<folder>gel pen</folder>
	<filename>25. linc-055mm-trim-gel-pen-green-pack-of-10.jpg</filename>
	<path>C:\Users\shankul\google-images-download\downloads\gel pen\25. linc-055mm-trim-gel-pen-green-pack-of-10.jpg</path>
	<source>
		<database>Unknown</database>
	</source>
	<size>
		<width>800</width>
		<height>800</height>
		<depth>3</depth>
	</size>
	<segmented>0</segmented>
	<object>
		<name>pen</name>
		<pose>Unspecified</pose>
		<truncated>0</truncated>
		<difficult>0</difficult>
		<bndbox>
			<xmin>66</xmin>
			<ymin>353</ymin>
			<xmax>729</xmax>
			<ymax>420</ymax>
		</bndbox>
	</object>
</annotation>
