<annotation>
	<folder>people showing pen photo</folder>
	<filename>27. 67709684-unrecognizable-business-people-sitting-at-table-in-office-and-studying-usa-marketing-statistics-busi.jpg</filename>
	<path>C:\Users\shankul\Desktop\object-detection\images\train\img12.jpg</path>
	<source>
		<database>Unknown</database>
	</source>
	<size>
		<width>450</width>
		<height>300</height>
		<depth>3</depth>
	</size>
	<segmented>0</segmented>
	<object>
		<name>pen</name>
		<pose>Unspecified</pose>
		<truncated>0</truncated>
		<difficult>0</difficult>
		<bndbox>
			<xmin>162</xmin>
			<ymin>90</ymin>
			<xmax>191</xmax>
			<ymax>191</ymax>
		</bndbox>
	</object>
</annotation>
