<annotation>
	<folder>gel pen</folder>
	<filename>29. flair-student-gel-superman-gel-pen-blue-pack-of-10.jpg</filename>
	<path>C:\Users\shankul\google-images-download\downloads\gel pen\29. flair-student-gel-superman-gel-pen-blue-pack-of-10.jpg</path>
	<source>
		<database>Unknown</database>
	</source>
	<size>
		<width>0</width>
		<height>0</height>
		<depth>3</depth>
	</size>
	<segmented>0</segmented>
	<object>
		<name>pen</name>
		<pose>Unspecified</pose>
		<truncated>0</truncated>
		<difficult>0</difficult>
		<bndbox>
			<xmin>7</xmin>
			<ymin>370</ymin>
			<xmax>793</xmax>
			<ymax>431</ymax>
		</bndbox>
	</object>
</annotation>
