<annotation>
	<folder>gel pen</folder>
	<filename>1. 139696.jpg</filename>
	<path>C:\Users\shankul\google-images-download\downloads\gel pen\1. 139696.jpg</path>
	<source>
		<database>Unknown</database>
	</source>
	<size>
		<width>600</width>
		<height>400</height>
		<depth>3</depth>
	</size>
	<segmented>0</segmented>
	<object>
		<name>pen</name>
		<pose>Unspecified</pose>
		<truncated>0</truncated>
		<difficult>0</difficult>
		<bndbox>
			<xmin>47</xmin>
			<ymin>51</ymin>
			<xmax>87</xmax>
			<ymax>381</ymax>
		</bndbox>
	</object>
	<object>
		<name>pen</name>
		<pose>Unspecified</pose>
		<truncated>0</truncated>
		<difficult>0</difficult>
		<bndbox>
			<xmin>106</xmin>
			<ymin>62</ymin>
			<xmax>138</xmax>
			<ymax>376</ymax>
		</bndbox>
	</object>
	<object>
		<name>pen</name>
		<pose>Unspecified</pose>
		<truncated>0</truncated>
		<difficult>0</difficult>
		<bndbox>
			<xmin>161</xmin>
			<ymin>59</ymin>
			<xmax>196</xmax>
			<ymax>382</ymax>
		</bndbox>
	</object>
	<object>
		<name>pen</name>
		<pose>Unspecified</pose>
		<truncated>0</truncated>
		<difficult>0</difficult>
		<bndbox>
			<xmin>211</xmin>
			<ymin>78</ymin>
			<xmax>248</xmax>
			<ymax>385</ymax>
		</bndbox>
	</object>
	<object>
		<name>pen</name>
		<pose>Unspecified</pose>
		<truncated>0</truncated>
		<difficult>0</difficult>
		<bndbox>
			<xmin>273</xmin>
			<ymin>40</ymin>
			<xmax>298</xmax>
			<ymax>380</ymax>
		</bndbox>
	</object>
	<object>
		<name>pen</name>
		<pose>Unspecified</pose>
		<truncated>0</truncated>
		<difficult>0</difficult>
		<bndbox>
			<xmin>316</xmin>
			<ymin>26</ymin>
			<xmax>348</xmax>
			<ymax>383</ymax>
		</bndbox>
	</object>
	<object>
		<name>pen</name>
		<pose>Unspecified</pose>
		<truncated>0</truncated>
		<difficult>0</difficult>
		<bndbox>
			<xmin>364</xmin>
			<ymin>78</ymin>
			<xmax>399</xmax>
			<ymax>383</ymax>
		</bndbox>
	</object>
	<object>
		<name>pen</name>
		<pose>Unspecified</pose>
		<truncated>0</truncated>
		<difficult>0</difficult>
		<bndbox>
			<xmin>421</xmin>
			<ymin>78</ymin>
			<xmax>454</xmax>
			<ymax>384</ymax>
		</bndbox>
	</object>
	<object>
		<name>pen</name>
		<pose>Unspecified</pose>
		<truncated>0</truncated>
		<difficult>0</difficult>
		<bndbox>
			<xmin>464</xmin>
			<ymin>58</ymin>
			<xmax>497</xmax>
			<ymax>387</ymax>
		</bndbox>
	</object>
	<object>
		<name>pen</name>
		<pose>Unspecified</pose>
		<truncated>0</truncated>
		<difficult>0</difficult>
		<bndbox>
			<xmin>512</xmin>
			<ymin>84</ymin>
			<xmax>554</xmax>
			<ymax>384</ymax>
		</bndbox>
	</object>
</annotation>
