<annotation>
	<folder>gel pen</folder>
	<filename>40. 51bffyf-eyl._sl1500_.jpg</filename>
	<path>C:\Users\shankul\google-images-download\downloads\gel pen\40. 51bffyf-eyl._sl1500_.jpg</path>
	<source>
		<database>Unknown</database>
	</source>
	<size>
		<width>1500</width>
		<height>502</height>
		<depth>3</depth>
	</size>
	<segmented>0</segmented>
	<object>
		<name>pen</name>
		<pose>Unspecified</pose>
		<truncated>0</truncated>
		<difficult>0</difficult>
		<bndbox>
			<xmin>12</xmin>
			<ymin>12</ymin>
			<xmax>1483</xmax>
			<ymax>492</ymax>
		</bndbox>
	</object>
</annotation>
