<annotation>
	<folder>gel pen</folder>
	<filename>55. 570-thickbox_default.jpg</filename>
	<path>C:\Users\shankul\google-images-download\downloads\gel pen\55. 570-thickbox_default.jpg</path>
	<source>
		<database>Unknown</database>
	</source>
	<size>
		<width>908</width>
		<height>515</height>
		<depth>3</depth>
	</size>
	<segmented>0</segmented>
	<object>
		<name>pen</name>
		<pose>Unspecified</pose>
		<truncated>0</truncated>
		<difficult>0</difficult>
		<bndbox>
			<xmin>37</xmin>
			<ymin>193</ymin>
			<xmax>873</xmax>
			<ymax>309</ymax>
		</bndbox>
	</object>
</annotation>
