<annotation>
	<folder>gel pen</folder>
	<filename>60. flair_pop_gel.jpg</filename>
	<path>C:\Users\shankul\google-images-download\downloads\gel pen\60. flair_pop_gel.jpg</path>
	<source>
		<database>Unknown</database>
	</source>
	<size>
		<width>5144</width>
		<height>2592</height>
		<depth>3</depth>
	</size>
	<segmented>0</segmented>
	<object>
		<name>pen</name>
		<pose>Unspecified</pose>
		<truncated>0</truncated>
		<difficult>0</difficult>
		<bndbox>
			<xmin>26</xmin>
			<ymin>20</ymin>
			<xmax>5092</xmax>
			<ymax>479</ymax>
		</bndbox>
	</object>
	<object>
		<name>pen</name>
		<pose>Unspecified</pose>
		<truncated>0</truncated>
		<difficult>0</difficult>
		<bndbox>
			<xmin>67</xmin>
			<ymin>745</ymin>
			<xmax>5051</xmax>
			<ymax>1162</ymax>
		</bndbox>
	</object>
	<object>
		<name>pen</name>
		<pose>Unspecified</pose>
		<truncated>0</truncated>
		<difficult>0</difficult>
		<bndbox>
			<xmin>34</xmin>
			<ymin>1420</ymin>
			<xmax>5092</xmax>
			<ymax>1904</ymax>
		</bndbox>
	</object>
	<object>
		<name>pen</name>
		<pose>Unspecified</pose>
		<truncated>1</truncated>
		<difficult>0</difficult>
		<bndbox>
			<xmin>1</xmin>
			<ymin>2129</ymin>
			<xmax>5092</xmax>
			<ymax>2529</ymax>
		</bndbox>
	</object>
</annotation>
