<annotation>
	<folder>gel pen</folder>
	<filename>27. linc-ocean-gel-pen-pack-of-5.jpg</filename>
	<path>C:\Users\shankul\google-images-download\downloads\gel pen\27. linc-ocean-gel-pen-pack-of-5.jpg</path>
	<source>
		<database>Unknown</database>
	</source>
	<size>
		<width>600</width>
		<height>510</height>
		<depth>3</depth>
	</size>
	<segmented>0</segmented>
	<object>
		<name>pen</name>
		<pose>Unspecified</pose>
		<truncated>0</truncated>
		<difficult>0</difficult>
		<bndbox>
			<xmin>51</xmin>
			<ymin>226</ymin>
			<xmax>545</xmax>
			<ymax>286</ymax>
		</bndbox>
	</object>
</annotation>
