<annotation>
	<folder>gel pen</folder>
	<filename>69. cello-arrow-gel-pen-blue-05mm-pack-of-10.jpg</filename>
	<path>C:\Users\shankul\google-images-download\downloads\gel pen\69. cello-arrow-gel-pen-blue-05mm-pack-of-10.jpg</path>
	<source>
		<database>Unknown</database>
	</source>
	<size>
		<width>800</width>
		<height>800</height>
		<depth>3</depth>
	</size>
	<segmented>0</segmented>
	<object>
		<name>pen</name>
		<pose>Unspecified</pose>
		<truncated>0</truncated>
		<difficult>0</difficult>
		<bndbox>
			<xmin>240</xmin>
			<ymin>89</ymin>
			<xmax>562</xmax>
			<ymax>706</ymax>
		</bndbox>
	</object>
</annotation>
