<annotation>
	<folder>pen</folder>
	<filename>72. cross-3502-3502-original-imadvn7wafgjgza8.jpeg</filename>
	<path>C:\Users\shankul\google-images-download\downloads\pen\72. cross-3502-3502-original-imadvn7wafgjgza8.jpeg</path>
	<source>
		<database>Unknown</database>
	</source>
	<size>
		<width>673</width>
		<height>832</height>
		<depth>3</depth>
	</size>
	<segmented>0</segmented>
	<object>
		<name>pen</name>
		<pose>Unspecified</pose>
		<truncated>0</truncated>
		<difficult>0</difficult>
		<bndbox>
			<xmin>5</xmin>
			<ymin>12</ymin>
			<xmax>672</xmax>
			<ymax>828</ymax>
		</bndbox>
	</object>
</annotation>
