<annotation>
	<folder>pen</folder>
	<filename>36. s-l300.jpg</filename>
	<path>C:\Users\shankul\google-images-download\downloads\pen\36. s-l300.jpg</path>
	<source>
		<database>Unknown</database>
	</source>
	<size>
		<width>300</width>
		<height>231</height>
		<depth>3</depth>
	</size>
	<segmented>0</segmented>
	<object>
		<name>pen</name>
		<pose>Unspecified</pose>
		<truncated>0</truncated>
		<difficult>0</difficult>
		<bndbox>
			<xmin>156</xmin>
			<ymin>10</ymin>
			<xmax>175</xmax>
			<ymax>205</ymax>
		</bndbox>
	</object>
	<object>
		<name>pen</name>
		<pose>Unspecified</pose>
		<truncated>0</truncated>
		<difficult>0</difficult>
		<bndbox>
			<xmin>128</xmin>
			<ymin>9</ymin>
			<xmax>158</xmax>
			<ymax>203</ymax>
		</bndbox>
	</object>
</annotation>
