<annotation>
	<folder>gel pen</folder>
	<filename>24. cello-i-zone-gel-pen-sdl841255927-1-65457.jpg</filename>
	<path>C:\Users\shankul\google-images-download\downloads\gel pen\24. cello-i-zone-gel-pen-sdl841255927-1-65457.jpg</path>
	<source>
		<database>Unknown</database>
	</source>
	<size>
		<width>620</width>
		<height>726</height>
		<depth>3</depth>
	</size>
	<segmented>0</segmented>
	<object>
		<name>pen</name>
		<pose>Unspecified</pose>
		<truncated>0</truncated>
		<difficult>0</difficult>
		<bndbox>
			<xmin>94</xmin>
			<ymin>53</ymin>
			<xmax>537</xmax>
			<ymax>675</ymax>
		</bndbox>
	</object>
</annotation>
