<annotation>
	<folder>dot pen</folder>
	<filename>12. dotpen-50.jpg</filename>
	<path>C:\Users\shankul\google-images-download\downloads\dot pen\12. dotpen-50.jpg</path>
	<source>
		<database>Unknown</database>
	</source>
	<size>
		<width>1024</width>
		<height>585</height>
		<depth>3</depth>
	</size>
	<segmented>0</segmented>
	<object>
		<name>pen</name>
		<pose>Unspecified</pose>
		<truncated>0</truncated>
		<difficult>0</difficult>
		<bndbox>
			<xmin>16</xmin>
			<ymin>34</ymin>
			<xmax>1000</xmax>
			<ymax>544</ymax>
		</bndbox>
	</object>
</annotation>
