<annotation>
	<folder>gel pen</folder>
	<filename>23. stabilo-palette-gel-pen-0-5mm-stabilomy-1611-01-stabilomy@8.jpg</filename>
	<path>C:\Users\shankul\google-images-download\downloads\gel pen\23. stabilo-palette-gel-pen-0-5mm-stabilomy-1611-01-stabilomy@8.jpg</path>
	<source>
		<database>Unknown</database>
	</source>
	<size>
		<width>600</width>
		<height>600</height>
		<depth>3</depth>
	</size>
	<segmented>0</segmented>
	<object>
		<name>pen</name>
		<pose>Unspecified</pose>
		<truncated>0</truncated>
		<difficult>0</difficult>
		<bndbox>
			<xmin>45</xmin>
			<ymin>33</ymin>
			<xmax>104</xmax>
			<ymax>459</ymax>
		</bndbox>
	</object>
	<object>
		<name>pen</name>
		<pose>Unspecified</pose>
		<truncated>0</truncated>
		<difficult>0</difficult>
		<bndbox>
			<xmin>126</xmin>
			<ymin>58</ymin>
			<xmax>183</xmax>
			<ymax>497</ymax>
		</bndbox>
	</object>
	<object>
		<name>pen</name>
		<pose>Unspecified</pose>
		<truncated>0</truncated>
		<difficult>0</difficult>
		<bndbox>
			<xmin>191</xmin>
			<ymin>85</ymin>
			<xmax>264</xmax>
			<ymax>528</ymax>
		</bndbox>
	</object>
	<object>
		<name>pen</name>
		<pose>Unspecified</pose>
		<truncated>0</truncated>
		<difficult>0</difficult>
		<bndbox>
			<xmin>274</xmin>
			<ymin>88</ymin>
			<xmax>333</xmax>
			<ymax>568</ymax>
		</bndbox>
	</object>
	<object>
		<name>pen</name>
		<pose>Unspecified</pose>
		<truncated>0</truncated>
		<difficult>0</difficult>
		<bndbox>
			<xmin>346</xmin>
			<ymin>102</ymin>
			<xmax>411</xmax>
			<ymax>521</ymax>
		</bndbox>
	</object>
	<object>
		<name>pen</name>
		<pose>Unspecified</pose>
		<truncated>0</truncated>
		<difficult>0</difficult>
		<bndbox>
			<xmin>427</xmin>
			<ymin>67</ymin>
			<xmax>480</xmax>
			<ymax>494</ymax>
		</bndbox>
	</object>
	<object>
		<name>pen</name>
		<pose>Unspecified</pose>
		<truncated>0</truncated>
		<difficult>0</difficult>
		<bndbox>
			<xmin>493</xmin>
			<ymin>37</ymin>
			<xmax>557</xmax>
			<ymax>459</ymax>
		</bndbox>
	</object>
</annotation>
