<annotation>
	<folder>people showing pen photo</folder>
	<filename>37. 500_f_193930908_njeqe5v3hdmirnnau4erjux9ru1lfves.jpg</filename>
	<path>C:\Users\shankul\Desktop\object-detection\images\train\img16.jpg</path>
	<source>
		<database>Unknown</database>
	</source>
	<size>
		<width>500</width>
		<height>333</height>
		<depth>3</depth>
	</size>
	<segmented>0</segmented>
	<object>
		<name>pen</name>
		<pose>Unspecified</pose>
		<truncated>0</truncated>
		<difficult>0</difficult>
		<bndbox>
			<xmin>134</xmin>
			<ymin>102</ymin>
			<xmax>185</xmax>
			<ymax>122</ymax>
		</bndbox>
	</object>
</annotation>
