<annotation>
	<folder>pen</folder>
	<filename>56. pexels-photo-372748.jpeg</filename>
	<path>C:\Users\shankul\google-images-download\downloads\pen\56. pexels-photo-372748.jpeg</path>
	<source>
		<database>Unknown</database>
	</source>
	<size>
		<width>467</width>
		<height>350</height>
		<depth>3</depth>
	</size>
	<segmented>0</segmented>
	<object>
		<name>pen</name>
		<pose>Unspecified</pose>
		<truncated>0</truncated>
		<difficult>0</difficult>
		<bndbox>
			<xmin>94</xmin>
			<ymin>81</ymin>
			<xmax>461</xmax>
			<ymax>171</ymax>
		</bndbox>
	</object>
</annotation>
