<annotation>
	<folder>dot pen</folder>
	<filename>32. vanilla_bean_spotted_pen.jpg</filename>
	<path>C:\Users\shankul\google-images-download\downloads\dot pen\32. vanilla_bean_spotted_pen.jpg</path>
	<source>
		<database>Unknown</database>
	</source>
	<size>
		<width>800</width>
		<height>800</height>
		<depth>3</depth>
	</size>
	<segmented>0</segmented>
	<object>
		<name>pen</name>
		<pose>Unspecified</pose>
		<truncated>0</truncated>
		<difficult>0</difficult>
		<bndbox>
			<xmin>192</xmin>
			<ymin>56</ymin>
			<xmax>666</xmax>
			<ymax>774</ymax>
		</bndbox>
	</object>
</annotation>
