<annotation>
	<folder>dot pen</folder>
	<filename>45. s-l640.jpg</filename>
	<path>C:\Users\shankul\google-images-download\downloads\dot pen\45. s-l640.jpg</path>
	<source>
		<database>Unknown</database>
	</source>
	<size>
		<width>500</width>
		<height>500</height>
		<depth>3</depth>
	</size>
	<segmented>0</segmented>
	<object>
		<name>pen</name>
		<pose>Unspecified</pose>
		<truncated>0</truncated>
		<difficult>0</difficult>
		<bndbox>
			<xmin>33</xmin>
			<ymin>18</ymin>
			<xmax>473</xmax>
			<ymax>482</ymax>
		</bndbox>
	</object>
</annotation>
