<annotation>
	<folder>pen</folder>
	<filename>5. 1208-2.jpg</filename>
	<path>C:\Users\shankul\google-images-download\downloads\pen\5. 1208-2.jpg</path>
	<source>
		<database>Unknown</database>
	</source>
	<size>
		<width>800</width>
		<height>500</height>
		<depth>3</depth>
	</size>
	<segmented>0</segmented>
	<object>
		<name>pen</name>
		<pose>Unspecified</pose>
		<truncated>0</truncated>
		<difficult>0</difficult>
		<bndbox>
			<xmin>32</xmin>
			<ymin>32</ymin>
			<xmax>767</xmax>
			<ymax>450</ymax>
		</bndbox>
	</object>
</annotation>
