<annotation>
	<folder>people showing pen photo</folder>
	<filename>26. 500_f_202554513_imlvu7kbbhgqm8edapzuxdqboknxjwmr.jpg</filename>
	<path>C:\Users\shankul\Desktop\object-detection\images\train\img11.jpg</path>
	<source>
		<database>Unknown</database>
	</source>
	<size>
		<width>500</width>
		<height>334</height>
		<depth>3</depth>
	</size>
	<segmented>0</segmented>
	<object>
		<name>pen</name>
		<pose>Unspecified</pose>
		<truncated>0</truncated>
		<difficult>0</difficult>
		<bndbox>
			<xmin>5</xmin>
			<ymin>221</ymin>
			<xmax>160</xmax>
			<ymax>331</ymax>
		</bndbox>
	</object>
</annotation>
