<annotation>
	<folder>dot pen</folder>
	<filename>25. 613xtnebl5l._sl1500_.jpg</filename>
	<path>C:\Users\shankul\google-images-download\downloads\dot pen\25. 613xtnebl5l._sl1500_.jpg</path>
	<source>
		<database>Unknown</database>
	</source>
	<size>
		<width>1500</width>
		<height>1500</height>
		<depth>3</depth>
	</size>
	<segmented>0</segmented>
	<object>
		<name>pen</name>
		<pose>Unspecified</pose>
		<truncated>0</truncated>
		<difficult>0</difficult>
		<bndbox>
			<xmin>670</xmin>
			<ymin>8</ymin>
			<xmax>829</xmax>
			<ymax>1491</ymax>
		</bndbox>
	</object>
</annotation>
