<annotation>
	<folder>gel pen</folder>
	<filename>46. pnp_00041-350x350.jpg</filename>
	<path>C:\Users\shankul\google-images-download\downloads\gel pen\46. pnp_00041-350x350.jpg</path>
	<source>
		<database>Unknown</database>
	</source>
	<size>
		<width>350</width>
		<height>350</height>
		<depth>3</depth>
	</size>
	<segmented>0</segmented>
	<object>
		<name>pen</name>
		<pose>Unspecified</pose>
		<truncated>0</truncated>
		<difficult>0</difficult>
		<bndbox>
			<xmin>53</xmin>
			<ymin>23</ymin>
			<xmax>300</xmax>
			<ymax>316</ymax>
		</bndbox>
	</object>
</annotation>
