<annotation>
	<folder>people showing pen photo</folder>
	<filename>29. 99816850-writing-note-showing-who-choose-us-question-business-photo-showcasing-kind-of-people-that-select-our.jpg</filename>
	<path>C:\Users\shankul\Desktop\object-detection\images\train\img14.jpg</path>
	<source>
		<database>Unknown</database>
	</source>
	<size>
		<width>1300</width>
		<height>866</height>
		<depth>3</depth>
	</size>
	<segmented>0</segmented>
	<object>
		<name>pen</name>
		<pose>Unspecified</pose>
		<truncated>1</truncated>
		<difficult>0</difficult>
		<bndbox>
			<xmin>102</xmin>
			<ymin>536</ymin>
			<xmax>560</xmax>
			<ymax>866</ymax>
		</bndbox>
	</object>
</annotation>
