<annotation>
	<folder>pen</folder>
	<filename>8. black_pen_1024x1024_f2fbd04b-d2a3-4ba2-ba3c-508ef4e65ad2_large.jpg</filename>
	<path>C:\Users\shankul\google-images-download\downloads\pen\8. black_pen_1024x1024_f2fbd04b-d2a3-4ba2-ba3c-508ef4e65ad2_large.jpg</path>
	<source>
		<database>Unknown</database>
	</source>
	<size>
		<width>480</width>
		<height>480</height>
		<depth>3</depth>
	</size>
	<segmented>0</segmented>
	<object>
		<name>pen</name>
		<pose>Unspecified</pose>
		<truncated>0</truncated>
		<difficult>0</difficult>
		<bndbox>
			<xmin>91</xmin>
			<ymin>41</ymin>
			<xmax>400</xmax>
			<ymax>424</ymax>
		</bndbox>
	</object>
</annotation>
