<annotation>
	<folder>gel pen</folder>
	<filename>72. cello-4-colour-gel-pen--28pack-of-4-29-500x500.jpg</filename>
	<path>C:\Users\shankul\google-images-download\downloads\gel pen\72. cello-4-colour-gel-pen--28pack-of-4-29-500x500.jpg</path>
	<source>
		<database>Unknown</database>
	</source>
	<size>
		<width>500</width>
		<height>500</height>
		<depth>3</depth>
	</size>
	<segmented>0</segmented>
	<object>
		<name>pen</name>
		<pose>Unspecified</pose>
		<truncated>0</truncated>
		<difficult>0</difficult>
		<bndbox>
			<xmin>10</xmin>
			<ymin>220</ymin>
			<xmax>469</xmax>
			<ymax>285</ymax>
		</bndbox>
	</object>
</annotation>
