<annotation>
	<folder>pen</folder>
	<filename>73. 62055.jpg</filename>
	<path>C:\Users\shankul\google-images-download\downloads\pen\73. 62055.jpg</path>
	<source>
		<database>Unknown</database>
	</source>
	<size>
		<width>450</width>
		<height>450</height>
		<depth>3</depth>
	</size>
	<segmented>0</segmented>
	<object>
		<name>pen</name>
		<pose>Unspecified</pose>
		<truncated>0</truncated>
		<difficult>0</difficult>
		<bndbox>
			<xmin>95</xmin>
			<ymin>121</ymin>
			<xmax>386</xmax>
			<ymax>292</ymax>
		</bndbox>
	</object>
</annotation>
