<annotation>
	<folder>dot pen</folder>
	<filename>1. ball-pen-250x250.jpg</filename>
	<path>C:\Users\shankul\google-images-download\downloads\dot pen\1. ball-pen-250x250.jpg</path>
	<source>
		<database>Unknown</database>
	</source>
	<size>
		<width>249</width>
		<height>166</height>
		<depth>3</depth>
	</size>
	<segmented>0</segmented>
	<object>
		<name>pen</name>
		<pose>Unspecified</pose>
		<truncated>0</truncated>
		<difficult>0</difficult>
		<bndbox>
			<xmin>18</xmin>
			<ymin>17</ymin>
			<xmax>234</xmax>
			<ymax>146</ymax>
		</bndbox>
	</object>
</annotation>
