<annotation>
	<folder>dot pen</folder>
	<filename>17. 61pzrvffhcl._sy355_.jpg</filename>
	<path>C:\Users\shankul\google-images-download\downloads\dot pen\17. 61pzrvffhcl._sy355_.jpg</path>
	<source>
		<database>Unknown</database>
	</source>
	<size>
		<width>355</width>
		<height>355</height>
		<depth>3</depth>
	</size>
	<segmented>0</segmented>
	<object>
		<name>pen</name>
		<pose>Unspecified</pose>
		<truncated>0</truncated>
		<difficult>0</difficult>
		<bndbox>
			<xmin>137</xmin>
			<ymin>12</ymin>
			<xmax>212</xmax>
			<ymax>354</ymax>
		</bndbox>
	</object>
</annotation>
