<annotation>
	<folder>pen</folder>
	<filename>53. 74812.jpg</filename>
	<path>C:\Users\shankul\google-images-download\downloads\pen\53. 74812.jpg</path>
	<source>
		<database>Unknown</database>
	</source>
	<size>
		<width>700</width>
		<height>700</height>
		<depth>3</depth>
	</size>
	<segmented>0</segmented>
	<object>
		<name>pen</name>
		<pose>Unspecified</pose>
		<truncated>0</truncated>
		<difficult>0</difficult>
		<bndbox>
			<xmin>11</xmin>
			<ymin>12</ymin>
			<xmax>690</xmax>
			<ymax>690</ymax>
		</bndbox>
	</object>
</annotation>
