<annotation>
	<folder>people showing pen photo</folder>
	<filename>28. 67709711-close-up-of-male-and-female-hands-pointing-at-usa-map-on-paper-on-table-business-people-discussing-m.jpg</filename>
	<path>C:\Users\shankul\Desktop\object-detection\images\train\img13.jpg</path>
	<source>
		<database>Unknown</database>
	</source>
	<size>
		<width>1300</width>
		<height>866</height>
		<depth>3</depth>
	</size>
	<segmented>0</segmented>
	<object>
		<name>pen</name>
		<pose>Unspecified</pose>
		<truncated>0</truncated>
		<difficult>0</difficult>
		<bndbox>
			<xmin>396</xmin>
			<ymin>274</ymin>
			<xmax>819</xmax>
			<ymax>568</ymax>
		</bndbox>
	</object>
</annotation>
