<annotation>
	<folder>pen</folder>
	<filename>80. waterman-hemisphere-matt-black-gold-trim-ballpoint-pen-s0920770.jpg</filename>
	<path>C:\Users\shankul\google-images-download\downloads\pen\80. waterman-hemisphere-matt-black-gold-trim-ballpoint-pen-s0920770.jpg</path>
	<source>
		<database>Unknown</database>
	</source>
	<size>
		<width>1160</width>
		<height>840</height>
		<depth>3</depth>
	</size>
	<segmented>0</segmented>
	<object>
		<name>pen</name>
		<pose>Unspecified</pose>
		<truncated>0</truncated>
		<difficult>0</difficult>
		<bndbox>
			<xmin>347</xmin>
			<ymin>16</ymin>
			<xmax>838</xmax>
			<ymax>831</ymax>
		</bndbox>
	</object>
</annotation>
