<annotation>
	<folder>pen</folder>
	<filename>43. 6_10.jpg</filename>
	<path>C:\Users\shankul\google-images-download\downloads\pen\43. 6_10.jpg</path>
	<source>
		<database>Unknown</database>
	</source>
	<size>
		<width>700</width>
		<height>700</height>
		<depth>3</depth>
	</size>
	<segmented>0</segmented>
	<object>
		<name>pen</name>
		<pose>Unspecified</pose>
		<truncated>1</truncated>
		<difficult>0</difficult>
		<bndbox>
			<xmin>4</xmin>
			<ymin>7</ymin>
			<xmax>693</xmax>
			<ymax>700</ymax>
		</bndbox>
	</object>
</annotation>
