<annotation>
	<folder>gel pen</folder>
	<filename>39. everyday_gel_pen_inspiration_front.jpg</filename>
	<path>C:\Users\shankul\google-images-download\downloads\gel pen\39. everyday_gel_pen_inspiration_front.jpg</path>
	<source>
		<database>Unknown</database>
	</source>
	<size>
		<width>700</width>
		<height>623</height>
		<depth>3</depth>
	</size>
	<segmented>0</segmented>
	<object>
		<name>pen</name>
		<pose>Unspecified</pose>
		<truncated>0</truncated>
		<difficult>0</difficult>
		<bndbox>
			<xmin>40</xmin>
			<ymin>42</ymin>
			<xmax>645</xmax>
			<ymax>568</ymax>
		</bndbox>
	</object>
</annotation>
