<annotation>
	<folder>gel pen</folder>
	<filename>66. 905238-2.jpg</filename>
	<path>C:\Users\shankul\google-images-download\downloads\gel pen\66. 905238-2.jpg</path>
	<source>
		<database>Unknown</database>
	</source>
	<size>
		<width>1000</width>
		<height>1000</height>
		<depth>3</depth>
	</size>
	<segmented>0</segmented>
	<object>
		<name>pen</name>
		<pose>Unspecified</pose>
		<truncated>0</truncated>
		<difficult>0</difficult>
		<bndbox>
			<xmin>71</xmin>
			<ymin>146</ymin>
			<xmax>742</xmax>
			<ymax>330</ymax>
		</bndbox>
	</object>
	<object>
		<name>pen</name>
		<pose>Unspecified</pose>
		<truncated>0</truncated>
		<difficult>0</difficult>
		<bndbox>
			<xmin>357</xmin>
			<ymin>401</ymin>
			<xmax>863</xmax>
			<ymax>638</ymax>
		</bndbox>
	</object>
	<object>
		<name>pen</name>
		<pose>Unspecified</pose>
		<truncated>0</truncated>
		<difficult>0</difficult>
		<bndbox>
			<xmin>265</xmin>
			<ymin>675</ymin>
			<xmax>978</xmax>
			<ymax>975</ymax>
		</bndbox>
	</object>
</annotation>
