<annotation>
	<folder>people showing pen photo</folder>
	<filename>23. depositphotos_192534648-stock-photo-writing-note-showing-advice-motivational.jpg</filename>
	<path>C:\Users\shankul\Desktop\object-detection\images\train\img10.jpg</path>
	<source>
		<database>Unknown</database>
	</source>
	<size>
		<width>1600</width>
		<height>1167</height>
		<depth>3</depth>
	</size>
	<segmented>0</segmented>
	<object>
		<name>pen</name>
		<pose>Unspecified</pose>
		<truncated>0</truncated>
		<difficult>0</difficult>
		<bndbox>
			<xmin>504</xmin>
			<ymin>870</ymin>
			<xmax>1411</xmax>
			<ymax>1008</ymax>
		</bndbox>
	</object>
</annotation>
