<annotation>
	<folder>gel pen</folder>
	<filename>21. 700.jpg</filename>
	<path>C:\Users\shankul\google-images-download\downloads\gel pen\21. 700.jpg</path>
	<source>
		<database>Unknown</database>
	</source>
	<size>
		<width>700</width>
		<height>540</height>
		<depth>3</depth>
	</size>
	<segmented>0</segmented>
	<object>
		<name>pen</name>
		<pose>Unspecified</pose>
		<truncated>0</truncated>
		<difficult>0</difficult>
		<bndbox>
			<xmin>68</xmin>
			<ymin>234</ymin>
			<xmax>623</xmax>
			<ymax>522</ymax>
		</bndbox>
	</object>
</annotation>
