<annotation>
	<folder>gel pen</folder>
	<filename>2. 20483.jpg</filename>
	<path>C:\Users\shankul\google-images-download\downloads\gel pen\2. 20483.jpg</path>
	<source>
		<database>Unknown</database>
	</source>
	<size>
		<width>600</width>
		<height>400</height>
		<depth>3</depth>
	</size>
	<segmented>0</segmented>
	<object>
		<name>pen</name>
		<pose>Unspecified</pose>
		<truncated>0</truncated>
		<difficult>0</difficult>
		<bndbox>
			<xmin>42</xmin>
			<ymin>43</ymin>
			<xmax>551</xmax>
			<ymax>363</ymax>
		</bndbox>
	</object>
</annotation>
