<annotation>
	<folder>pen</folder>
	<filename>54. black-wax-vaporizer-pen_1.jpg</filename>
	<path>C:\Users\shankul\google-images-download\downloads\pen\54. black-wax-vaporizer-pen_1.jpg</path>
	<source>
		<database>Unknown</database>
	</source>
	<size>
		<width>600</width>
		<height>600</height>
		<depth>3</depth>
	</size>
	<segmented>0</segmented>
	<object>
		<name>pen</name>
		<pose>Unspecified</pose>
		<truncated>0</truncated>
		<difficult>0</difficult>
		<bndbox>
			<xmin>127</xmin>
			<ymin>110</ymin>
			<xmax>346</xmax>
			<ymax>554</ymax>
		</bndbox>
	</object>
</annotation>
