<annotation>
	<folder>pen</folder>
	<filename>4. 379373d2-6006-4c00-82be-f77b651d3731.jpg</filename>
	<path>C:\Users\shankul\google-images-download\downloads\pen\4. 379373d2-6006-4c00-82be-f77b651d3731.jpg</path>
	<source>
		<database>Unknown</database>
	</source>
	<size>
		<width>240</width>
		<height>296</height>
		<depth>3</depth>
	</size>
	<segmented>0</segmented>
	<object>
		<name>pen</name>
		<pose>Unspecified</pose>
		<truncated>0</truncated>
		<difficult>0</difficult>
		<bndbox>
			<xmin>44</xmin>
			<ymin>7</ymin>
			<xmax>206</xmax>
			<ymax>294</ymax>
		</bndbox>
	</object>
</annotation>
