<annotation>
	<folder>pen</folder>
	<filename>34. 1080pen_2_supersize.jpg</filename>
	<path>C:\Users\shankul\google-images-download\downloads\pen\34. 1080pen_2_supersize.jpg</path>
	<source>
		<database>Unknown</database>
	</source>
	<size>
		<width>700</width>
		<height>700</height>
		<depth>3</depth>
	</size>
	<segmented>0</segmented>
	<object>
		<name>pen</name>
		<pose>Unspecified</pose>
		<truncated>0</truncated>
		<difficult>0</difficult>
		<bndbox>
			<xmin>330</xmin>
			<ymin>162</ymin>
			<xmax>647</xmax>
			<ymax>445</ymax>
		</bndbox>
	</object>
</annotation>
