<annotation>
	<folder>dot pen</folder>
	<filename>37. kates4418011739_q3_1-0._ux357_ql90_.jpg</filename>
	<path>C:\Users\shankul\google-images-download\downloads\dot pen\37. kates4418011739_q3_1-0._ux357_ql90_.jpg</path>
	<source>
		<database>Unknown</database>
	</source>
	<size>
		<width>357</width>
		<height>633</height>
		<depth>3</depth>
	</size>
	<segmented>0</segmented>
	<object>
		<name>pen</name>
		<pose>Unspecified</pose>
		<truncated>0</truncated>
		<difficult>0</difficult>
		<bndbox>
			<xmin>23</xmin>
			<ymin>94</ymin>
			<xmax>338</xmax>
			<ymax>522</ymax>
		</bndbox>
	</object>
</annotation>
