<annotation>
	<folder>gel pen</folder>
	<filename>57. nataraj-gelix-red-gel-pen-sdl947927911-1-f9796.jpg</filename>
	<path>C:\Users\shankul\google-images-download\downloads\gel pen\57. nataraj-gelix-red-gel-pen-sdl947927911-1-f9796.jpg</path>
	<source>
		<database>Unknown</database>
	</source>
	<size>
		<width>850</width>
		<height>995</height>
		<depth>3</depth>
	</size>
	<segmented>0</segmented>
	<object>
		<name>pen</name>
		<pose>Unspecified</pose>
		<truncated>0</truncated>
		<difficult>0</difficult>
		<bndbox>
			<xmin>43</xmin>
			<ymin>26</ymin>
			<xmax>170</xmax>
			<ymax>967</ymax>
		</bndbox>
	</object>
	<object>
		<name>pen</name>
		<pose>Unspecified</pose>
		<truncated>0</truncated>
		<difficult>0</difficult>
		<bndbox>
			<xmin>220</xmin>
			<ymin>23</ymin>
			<xmax>337</xmax>
			<ymax>971</ymax>
		</bndbox>
	</object>
	<object>
		<name>pen</name>
		<pose>Unspecified</pose>
		<truncated>0</truncated>
		<difficult>0</difficult>
		<bndbox>
			<xmin>370</xmin>
			<ymin>18</ymin>
			<xmax>495</xmax>
			<ymax>970</ymax>
		</bndbox>
	</object>
	<object>
		<name>pen</name>
		<pose>Unspecified</pose>
		<truncated>0</truncated>
		<difficult>0</difficult>
		<bndbox>
			<xmin>532</xmin>
			<ymin>23</ymin>
			<xmax>644</xmax>
			<ymax>962</ymax>
		</bndbox>
	</object>
	<object>
		<name>pen</name>
		<pose>Unspecified</pose>
		<truncated>0</truncated>
		<difficult>0</difficult>
		<bndbox>
			<xmin>683</xmin>
			<ymin>18</ymin>
			<xmax>802</xmax>
			<ymax>962</ymax>
		</bndbox>
	</object>
</annotation>
