<annotation>
	<folder>pen</folder>
	<filename>79. 0820016007.jpg</filename>
	<path>C:\Users\shankul\google-images-download\downloads\pen\79. 0820016007.jpg</path>
	<source>
		<database>Unknown</database>
	</source>
	<size>
		<width>1890</width>
		<height>1540</height>
		<depth>3</depth>
	</size>
	<segmented>0</segmented>
	<object>
		<name>pen</name>
		<pose>Unspecified</pose>
		<truncated>0</truncated>
		<difficult>0</difficult>
		<bndbox>
			<xmin>71</xmin>
			<ymin>93</ymin>
			<xmax>1801</xmax>
			<ymax>1454</ymax>
		</bndbox>
	</object>
</annotation>
