<annotation>
	<folder>pen</folder>
	<filename>55. bando-il-gel_yeah-gel_pen_set-assorted_glitter-02.jpg</filename>
	<path>C:\Users\shankul\google-images-download\downloads\pen\55. bando-il-gel_yeah-gel_pen_set-assorted_glitter-02.jpg</path>
	<source>
		<database>Unknown</database>
	</source>
	<size>
		<width>1024</width>
		<height>1280</height>
		<depth>3</depth>
	</size>
	<segmented>0</segmented>
	<object>
		<name>pen</name>
		<pose>Unspecified</pose>
		<truncated>0</truncated>
		<difficult>0</difficult>
		<bndbox>
			<xmin>172</xmin>
			<ymin>185</ymin>
			<xmax>261</xmax>
			<ymax>1067</ymax>
		</bndbox>
	</object>
	<object>
		<name>pen</name>
		<pose>Unspecified</pose>
		<truncated>0</truncated>
		<difficult>0</difficult>
		<bndbox>
			<xmin>283</xmin>
			<ymin>179</ymin>
			<xmax>354</xmax>
			<ymax>1083</ymax>
		</bndbox>
	</object>
	<object>
		<name>pen</name>
		<pose>Unspecified</pose>
		<truncated>0</truncated>
		<difficult>0</difficult>
		<bndbox>
			<xmin>379</xmin>
			<ymin>207</ymin>
			<xmax>443</xmax>
			<ymax>1079</ymax>
		</bndbox>
	</object>
	<object>
		<name>pen</name>
		<pose>Unspecified</pose>
		<truncated>0</truncated>
		<difficult>0</difficult>
		<bndbox>
			<xmin>472</xmin>
			<ymin>204</ymin>
			<xmax>541</xmax>
			<ymax>1078</ymax>
		</bndbox>
	</object>
	<object>
		<name>pen</name>
		<pose>Unspecified</pose>
		<truncated>0</truncated>
		<difficult>0</difficult>
		<bndbox>
			<xmin>564</xmin>
			<ymin>196</ymin>
			<xmax>633</xmax>
			<ymax>1079</ymax>
		</bndbox>
	</object>
	<object>
		<name>pen</name>
		<pose>Unspecified</pose>
		<truncated>0</truncated>
		<difficult>0</difficult>
		<bndbox>
			<xmin>668</xmin>
			<ymin>197</ymin>
			<xmax>724</xmax>
			<ymax>1083</ymax>
		</bndbox>
	</object>
	<object>
		<name>pen</name>
		<pose>Unspecified</pose>
		<truncated>0</truncated>
		<difficult>0</difficult>
		<bndbox>
			<xmin>761</xmin>
			<ymin>198</ymin>
			<xmax>839</xmax>
			<ymax>1082</ymax>
		</bndbox>
	</object>
</annotation>
