<annotation>
	<folder>dot pen</folder>
	<filename>44. a01631-8.jpg</filename>
	<path>C:\Users\shankul\google-images-download\downloads\dot pen\44. a01631-8.jpg</path>
	<source>
		<database>Unknown</database>
	</source>
	<size>
		<width>1000</width>
		<height>1400</height>
		<depth>3</depth>
	</size>
	<segmented>0</segmented>
	<object>
		<name>pen</name>
		<pose>Unspecified</pose>
		<truncated>0</truncated>
		<difficult>0</difficult>
		<bndbox>
			<xmin>492</xmin>
			<ymin>474</ymin>
			<xmax>960</xmax>
			<ymax>930</ymax>
		</bndbox>
	</object>
</annotation>
