<annotation>
	<folder>dot pen</folder>
	<filename>38. schn31-1.jpg</filename>
	<path>C:\Users\shankul\google-images-download\downloads\dot pen\38. schn31-1.jpg</path>
	<source>
		<database>Unknown</database>
	</source>
	<size>
		<width>750</width>
		<height>700</height>
		<depth>3</depth>
	</size>
	<segmented>0</segmented>
	<object>
		<name>pen</name>
		<pose>Unspecified</pose>
		<truncated>0</truncated>
		<difficult>0</difficult>
		<bndbox>
			<xmin>75</xmin>
			<ymin>236</ymin>
			<xmax>675</xmax>
			<ymax>611</ymax>
		</bndbox>
	</object>
</annotation>
