<annotation>
	<folder>pen</folder>
	<filename>39. 4902505134661-4902505134661_zoom_01.jpg</filename>
	<path>C:\Users\shankul\google-images-download\downloads\pen\39. 4902505134661-4902505134661_zoom_01.jpg</path>
	<source>
		<database>Unknown</database>
	</source>
	<size>
		<width>755</width>
		<height>566</height>
		<depth>3</depth>
	</size>
	<segmented>0</segmented>
	<object>
		<name>pen</name>
		<pose>Unspecified</pose>
		<truncated>0</truncated>
		<difficult>0</difficult>
		<bndbox>
			<xmin>104</xmin>
			<ymin>4</ymin>
			<xmax>747</xmax>
			<ymax>456</ymax>
		</bndbox>
	</object>
</annotation>
