<annotation>
	<folder>gel pen</folder>
	<filename>53. 0005607_cello_pointec_gel_pen.jpeg</filename>
	<path>C:\Users\shankul\google-images-download\downloads\gel pen\53. 0005607_cello_pointec_gel_pen.jpeg</path>
	<source>
		<database>Unknown</database>
	</source>
	<size>
		<width>1280</width>
		<height>1159</height>
		<depth>3</depth>
	</size>
	<segmented>0</segmented>
	<object>
		<name>pen</name>
		<pose>Unspecified</pose>
		<truncated>0</truncated>
		<difficult>0</difficult>
		<bndbox>
			<xmin>394</xmin>
			<ymin>90</ymin>
			<xmax>886</xmax>
			<ymax>1052</ymax>
		</bndbox>
	</object>
</annotation>
