<annotation>
	<folder>gel pen</folder>
	<filename>54. boom.jpg</filename>
	<path>C:\Users\shankul\google-images-download\downloads\gel pen\54. boom.jpg</path>
	<source>
		<database>Unknown</database>
	</source>
	<size>
		<width>300</width>
		<height>300</height>
		<depth>3</depth>
	</size>
	<segmented>0</segmented>
	<object>
		<name>pen</name>
		<pose>Unspecified</pose>
		<truncated>0</truncated>
		<difficult>0</difficult>
		<bndbox>
			<xmin>59</xmin>
			<ymin>65</ymin>
			<xmax>98</xmax>
			<ymax>298</ymax>
		</bndbox>
	</object>
	<object>
		<name>pen</name>
		<pose>Unspecified</pose>
		<truncated>1</truncated>
		<difficult>0</difficult>
		<bndbox>
			<xmin>105</xmin>
			<ymin>66</ymin>
			<xmax>143</xmax>
			<ymax>300</ymax>
		</bndbox>
	</object>
	<object>
		<name>pen</name>
		<pose>Unspecified</pose>
		<truncated>1</truncated>
		<difficult>0</difficult>
		<bndbox>
			<xmin>148</xmin>
			<ymin>64</ymin>
			<xmax>191</xmax>
			<ymax>300</ymax>
		</bndbox>
	</object>
	<object>
		<name>pen</name>
		<pose>Unspecified</pose>
		<truncated>1</truncated>
		<difficult>0</difficult>
		<bndbox>
			<xmin>202</xmin>
			<ymin>62</ymin>
			<xmax>238</xmax>
			<ymax>300</ymax>
		</bndbox>
	</object>
</annotation>
