<annotation>
	<folder>gel pen</folder>
	<filename>11. 0018959_rorito-big-tank-gel-pen-blue_600.png</filename>
	<path>C:\Users\shankul\google-images-download\downloads\gel pen\11. 0018959_rorito-big-tank-gel-pen-blue_600.png</path>
	<source>
		<database>Unknown</database>
	</source>
	<size>
		<width>600</width>
		<height>533</height>
		<depth>3</depth>
	</size>
	<segmented>0</segmented>
	<object>
		<name>pen</name>
		<pose>Unspecified</pose>
		<truncated>0</truncated>
		<difficult>0</difficult>
		<bndbox>
			<xmin>21</xmin>
			<ymin>8</ymin>
			<xmax>588</xmax>
			<ymax>508</ymax>
		</bndbox>
	</object>
</annotation>
