<annotation>
	<folder>dot pen</folder>
	<filename>49. polka%20dot%20pen%20emma%20bridgewater%202.jpg</filename>
	<path>C:\Users\shankul\google-images-download\downloads\dot pen\49. polka%20dot%20pen%20emma%20bridgewater%202.jpg</path>
	<source>
		<database>Unknown</database>
	</source>
	<size>
		<width>706</width>
		<height>1500</height>
		<depth>3</depth>
	</size>
	<segmented>0</segmented>
	<object>
		<name>pen</name>
		<pose>Unspecified</pose>
		<truncated>0</truncated>
		<difficult>0</difficult>
		<bndbox>
			<xmin>94</xmin>
			<ymin>58</ymin>
			<xmax>558</xmax>
			<ymax>1472</ymax>
		</bndbox>
	</object>
</annotation>
