<annotation>
	<folder>people showing pen photo</folder>
	<filename>10. stock-photo-business-woman-holding-clipboard-with-the-document-paper-has-a-graph-showing-earnings-data-and-pen-1040181427.jpg</filename>
	<path>C:\Users\shankul\Desktop\object-detection\images\train\img2.jpg</path>
	<source>
		<database>Unknown</database>
	</source>
	<size>
		<width>450</width>
		<height>320</height>
		<depth>3</depth>
	</size>
	<segmented>0</segmented>
	<object>
		<name>pen</name>
		<pose>Unspecified</pose>
		<truncated>0</truncated>
		<difficult>0</difficult>
		<bndbox>
			<xmin>243</xmin>
			<ymin>98</ymin>
			<xmax>318</xmax>
			<ymax>191</ymax>
		</bndbox>
	</object>
</annotation>
