<annotation>
	<folder>people showing pen photo</folder>
	<filename>53. 6.jpg</filename>
	<path>C:\Users\shankul\Desktop\object-detection\images\train\img23.jpg</path>
	<source>
		<database>Unknown</database>
	</source>
	<size>
		<width>852</width>
		<height>480</height>
		<depth>3</depth>
	</size>
	<segmented>0</segmented>
	<object>
		<name>pen</name>
		<pose>Unspecified</pose>
		<truncated>0</truncated>
		<difficult>0</difficult>
		<bndbox>
			<xmin>256</xmin>
			<ymin>194</ymin>
			<xmax>533</xmax>
			<ymax>339</ymax>
		</bndbox>
	</object>
</annotation>
