<annotation>
	<folder>dot pen</folder>
	<filename>91. maxema-dot-white-pens-max-d1-bcr1489311689.jpg</filename>
	<path>C:\Users\shankul\google-images-download\downloads\dot pen\91. maxema-dot-white-pens-max-d1-bcr1489311689.jpg</path>
	<source>
		<database>Unknown</database>
	</source>
	<size>
		<width>500</width>
		<height>500</height>
		<depth>3</depth>
	</size>
	<segmented>0</segmented>
	<object>
		<name>pen</name>
		<pose>Unspecified</pose>
		<truncated>0</truncated>
		<difficult>0</difficult>
		<bndbox>
			<xmin>42</xmin>
			<ymin>34</ymin>
			<xmax>493</xmax>
			<ymax>397</ymax>
		</bndbox>
	</object>
</annotation>
