<annotation>
	<folder>people showing pen photo</folder>
	<filename>65. back-to-school-symbol-african-girl-toothy-huge-smile-showing-r-red-pencil-little-holding-pen-as-educational-84547194.jpg</filename>
	<path>C:\Users\shankul\Desktop\object-detection\images\train\img28.jpg</path>
	<source>
		<database>Unknown</database>
	</source>
	<size>
		<width>800</width>
		<height>530</height>
		<depth>3</depth>
	</size>
	<segmented>0</segmented>
	<object>
		<name>pen</name>
		<pose>Unspecified</pose>
		<truncated>0</truncated>
		<difficult>0</difficult>
		<bndbox>
			<xmin>152</xmin>
			<ymin>232</ymin>
			<xmax>201</xmax>
			<ymax>487</ymax>
		</bndbox>
	</object>
</annotation>
