<annotation>
	<folder>people showing pen photo</folder>
	<filename>67. 20170228_154855.jpg</filename>
	<path>C:\Users\shankul\Desktop\object-detection\images\train\img29.jpg</path>
	<source>
		<database>Unknown</database>
	</source>
	<size>
		<width>1200</width>
		<height>800</height>
		<depth>3</depth>
	</size>
	<segmented>0</segmented>
	<object>
		<name>pen</name>
		<pose>Unspecified</pose>
		<truncated>0</truncated>
		<difficult>0</difficult>
		<bndbox>
			<xmin>149</xmin>
			<ymin>425</ymin>
			<xmax>1185</xmax>
			<ymax>661</ymax>
		</bndbox>
	</object>
</annotation>
