<annotation>
	<folder>dot pen</folder>
	<filename>84. dp_-_polka_dot_0888d11a-0dad-40e7-9040-76ee6219f25e_1024x1024@2x.jpg</filename>
	<path>C:\Users\shankul\google-images-download\downloads\dot pen\84. dp_-_polka_dot_0888d11a-0dad-40e7-9040-76ee6219f25e_1024x1024@2x.jpg</path>
	<source>
		<database>Unknown</database>
	</source>
	<size>
		<width>1444</width>
		<height>1289</height>
		<depth>3</depth>
	</size>
	<segmented>0</segmented>
	<object>
		<name>pen</name>
		<pose>Unspecified</pose>
		<truncated>0</truncated>
		<difficult>0</difficult>
		<bndbox>
			<xmin>52</xmin>
			<ymin>227</ymin>
			<xmax>180</xmax>
			<ymax>1041</ymax>
		</bndbox>
	</object>
	<object>
		<name>pen</name>
		<pose>Unspecified</pose>
		<truncated>0</truncated>
		<difficult>0</difficult>
		<bndbox>
			<xmin>264</xmin>
			<ymin>218</ymin>
			<xmax>401</xmax>
			<ymax>1044</ymax>
		</bndbox>
	</object>
	<object>
		<name>pen</name>
		<pose>Unspecified</pose>
		<truncated>0</truncated>
		<difficult>0</difficult>
		<bndbox>
			<xmin>478</xmin>
			<ymin>216</ymin>
			<xmax>620</xmax>
			<ymax>1048</ymax>
		</bndbox>
	</object>
	<object>
		<name>pen</name>
		<pose>Unspecified</pose>
		<truncated>0</truncated>
		<difficult>0</difficult>
		<bndbox>
			<xmin>673</xmin>
			<ymin>209</ymin>
			<xmax>820</xmax>
			<ymax>1067</ymax>
		</bndbox>
	</object>
	<object>
		<name>pen</name>
		<pose>Unspecified</pose>
		<truncated>0</truncated>
		<difficult>0</difficult>
		<bndbox>
			<xmin>904</xmin>
			<ymin>218</ymin>
			<xmax>1022</xmax>
			<ymax>1027</ymax>
		</bndbox>
	</object>
	<object>
		<name>pen</name>
		<pose>Unspecified</pose>
		<truncated>0</truncated>
		<difficult>0</difficult>
		<bndbox>
			<xmin>1090</xmin>
			<ymin>209</ymin>
			<xmax>1178</xmax>
			<ymax>1055</ymax>
		</bndbox>
	</object>
	<object>
		<name>pen</name>
		<pose>Unspecified</pose>
		<truncated>0</truncated>
		<difficult>0</difficult>
		<bndbox>
			<xmin>1245</xmin>
			<ymin>179</ymin>
			<xmax>1364</xmax>
			<ymax>1065</ymax>
		</bndbox>
	</object>
</annotation>
