<annotation>
	<folder>dot pen</folder>
	<filename>82. a01704-9.jpg</filename>
	<path>C:\Users\shankul\google-images-download\downloads\dot pen\82. a01704-9.jpg</path>
	<source>
		<database>Unknown</database>
	</source>
	<size>
		<width>1000</width>
		<height>1400</height>
		<depth>3</depth>
	</size>
	<segmented>0</segmented>
	<object>
		<name>pen</name>
		<pose>Unspecified</pose>
		<truncated>0</truncated>
		<difficult>0</difficult>
		<bndbox>
			<xmin>29</xmin>
			<ymin>683</ymin>
			<xmax>578</xmax>
			<ymax>1367</ymax>
		</bndbox>
	</object>
</annotation>
