<annotation>
	<folder>dot pen</folder>
	<filename>77. -a-pieu-dot-pen-tint-11g-4colors.jpg</filename>
	<path>C:\Users\shankul\google-images-download\downloads\dot pen\77. -a-pieu-dot-pen-tint-11g-4colors.jpg</path>
	<source>
		<database>Unknown</database>
	</source>
	<size>
		<width>700</width>
		<height>904</height>
		<depth>3</depth>
	</size>
	<segmented>0</segmented>
	<object>
		<name>pen</name>
		<pose>Unspecified</pose>
		<truncated>0</truncated>
		<difficult>0</difficult>
		<bndbox>
			<xmin>381</xmin>
			<ymin>280</ymin>
			<xmax>427</xmax>
			<ymax>671</ymax>
		</bndbox>
	</object>
	<object>
		<name>pen</name>
		<pose>Unspecified</pose>
		<truncated>0</truncated>
		<difficult>0</difficult>
		<bndbox>
			<xmin>277</xmin>
			<ymin>225</ymin>
			<xmax>319</xmax>
			<ymax>670</ymax>
		</bndbox>
	</object>
</annotation>
