<annotation>
	<folder>dot pen</folder>
	<filename>71. s-l300.jpg</filename>
	<path>C:\Users\shankul\google-images-download\downloads\dot pen\71. s-l300.jpg</path>
	<source>
		<database>Unknown</database>
	</source>
	<size>
		<width>300</width>
		<height>300</height>
		<depth>3</depth>
	</size>
	<segmented>0</segmented>
	<object>
		<name>pen</name>
		<pose>Unspecified</pose>
		<truncated>1</truncated>
		<difficult>0</difficult>
		<bndbox>
			<xmin>136</xmin>
			<ymin>10</ymin>
			<xmax>175</xmax>
			<ymax>300</ymax>
		</bndbox>
	</object>
</annotation>
