<annotation>
	<folder>dot pen</folder>
	<filename>50. dot-cyn-800x800.jpg</filename>
	<path>C:\Users\shankul\google-images-download\downloads\dot pen\50. dot-cyn-800x800.jpg</path>
	<source>
		<database>Unknown</database>
	</source>
	<size>
		<width>800</width>
		<height>800</height>
		<depth>3</depth>
	</size>
	<segmented>0</segmented>
	<object>
		<name>pen</name>
		<pose>Unspecified</pose>
		<truncated>0</truncated>
		<difficult>0</difficult>
		<bndbox>
			<xmin>352</xmin>
			<ymin>21</ymin>
			<xmax>463</xmax>
			<ymax>784</ymax>
		</bndbox>
	</object>
</annotation>
