<annotation>
	<folder>dot pen</folder>
	<filename>79. s-l500.jpg</filename>
	<path>C:\Users\shankul\google-images-download\downloads\dot pen\79. s-l500.jpg</path>
	<source>
		<database>Unknown</database>
	</source>
	<size>
		<width>500</width>
		<height>500</height>
		<depth>3</depth>
	</size>
	<segmented>0</segmented>
	<object>
		<name>pen</name>
		<pose>Unspecified</pose>
		<truncated>0</truncated>
		<difficult>0</difficult>
		<bndbox>
			<xmin>42</xmin>
			<ymin>28</ymin>
			<xmax>460</xmax>
			<ymax>472</ymax>
		</bndbox>
	</object>
</annotation>
