<annotation>
	<folder>people showing pen photo</folder>
	<filename>5. text-sign-showing-find-right-people-conceptual-photo-choosing-perfect-candidate-job-position-pen-cool-background-ideas-120447020.jpg</filename>
	<path>C:\Users\shankul\Desktop\object-detection\images\train\img21.jpg</path>
	<source>
		<database>Unknown</database>
	</source>
	<size>
		<width>800</width>
		<height>533</height>
		<depth>3</depth>
	</size>
	<segmented>0</segmented>
	<object>
		<name>pen</name>
		<pose>Unspecified</pose>
		<truncated>0</truncated>
		<difficult>0</difficult>
		<bndbox>
			<xmin>279</xmin>
			<ymin>32</ymin>
			<xmax>725</xmax>
			<ymax>475</ymax>
		</bndbox>
	</object>
</annotation>
