<annotation>
	<folder>people showing pen photo</folder>
	<filename>63. depositphotos_186933748-stock-photo-handwritten-text-sign-showing-where.jpg</filename>
	<path>C:\Users\shankul\Desktop\object-detection\images\train\img27.jpg</path>
	<source>
		<database>Unknown</database>
	</source>
	<size>
		<width>450</width>
		<height>300</height>
		<depth>3</depth>
	</size>
	<segmented>0</segmented>
	<object>
		<name>pen</name>
		<pose>Unspecified</pose>
		<truncated>0</truncated>
		<difficult>0</difficult>
		<bndbox>
			<xmin>206</xmin>
			<ymin>227</ymin>
			<xmax>446</xmax>
			<ymax>295</ymax>
		</bndbox>
	</object>
</annotation>
