<annotation>
	<folder>dot pen</folder>
	<filename>75. 156355aeda-kspbalxl_ballpoint-pen-black-dots_1_1400x.jpg</filename>
	<path>C:\Users\shankul\google-images-download\downloads\dot pen\75. 156355aeda-kspbalxl_ballpoint-pen-black-dots_1_1400x.jpg</path>
	<source>
		<database>Unknown</database>
	</source>
	<size>
		<width>1314</width>
		<height>1314</height>
		<depth>3</depth>
	</size>
	<segmented>0</segmented>
	<object>
		<name>pen</name>
		<pose>Unspecified</pose>
		<truncated>0</truncated>
		<difficult>0</difficult>
		<bndbox>
			<xmin>19</xmin>
			<ymin>578</ymin>
			<xmax>1287</xmax>
			<ymax>723</ymax>
		</bndbox>
	</object>
</annotation>
