<annotation>
	<folder>dot pen</folder>
	<filename>85. dot-ballpoint-pen-blue-ink-blue-13-x-d-0-9-cm--10703502$4--300.jpg</filename>
	<path>C:\Users\shankul\google-images-download\downloads\dot pen\85. dot-ballpoint-pen-blue-ink-blue-13-x-d-0-9-cm--10703502$4--300.jpg</path>
	<source>
		<database>Unknown</database>
	</source>
	<size>
		<width>300</width>
		<height>300</height>
		<depth>3</depth>
	</size>
	<segmented>0</segmented>
	<object>
		<name>pen</name>
		<pose>Unspecified</pose>
		<truncated>0</truncated>
		<difficult>0</difficult>
		<bndbox>
			<xmin>128</xmin>
			<ymin>3</ymin>
			<xmax>168</xmax>
			<ymax>297</ymax>
		</bndbox>
	</object>
</annotation>
