<annotation>
	<folder>dot pen</folder>
	<filename>46. the-pointillist-artists-elctronic-pen-640x533.jpg</filename>
	<path>C:\Users\shankul\google-images-download\downloads\dot pen\46. the-pointillist-artists-elctronic-pen-640x533.jpg</path>
	<source>
		<database>Unknown</database>
	</source>
	<size>
		<width>640</width>
		<height>533</height>
		<depth>3</depth>
	</size>
	<segmented>0</segmented>
	<object>
		<name>pen</name>
		<pose>Unspecified</pose>
		<truncated>0</truncated>
		<difficult>0</difficult>
		<bndbox>
			<xmin>335</xmin>
			<ymin>106</ymin>
			<xmax>635</xmax>
			<ymax>517</ymax>
		</bndbox>
	</object>
</annotation>
