<annotation>
	<folder>dot pen</folder>
	<filename>64. img_6718.jpg</filename>
	<path>C:\Users\shankul\google-images-download\downloads\dot pen\64. img_6718.jpg</path>
	<source>
		<database>Unknown</database>
	</source>
	<size>
		<width>2048</width>
		<height>2048</height>
		<depth>3</depth>
	</size>
	<segmented>0</segmented>
	<object>
		<name>pen</name>
		<pose>Unspecified</pose>
		<truncated>0</truncated>
		<difficult>0</difficult>
		<bndbox>
			<xmin>606</xmin>
			<ymin>503</ymin>
			<xmax>1406</xmax>
			<ymax>1847</ymax>
		</bndbox>
	</object>
</annotation>
