<annotation>
	<folder>dot pen</folder>
	<filename>96. kates4115516031_q2_1-0.jpg</filename>
	<path>C:\Users\shankul\google-images-download\downloads\dot pen\96. kates4115516031_q2_1-0.jpg</path>
	<source>
		<database>Unknown</database>
	</source>
	<size>
		<width>1128</width>
		<height>2000</height>
		<depth>3</depth>
	</size>
	<segmented>0</segmented>
	<object>
		<name>pen</name>
		<pose>Unspecified</pose>
		<truncated>0</truncated>
		<difficult>0</difficult>
		<bndbox>
			<xmin>204</xmin>
			<ymin>60</ymin>
			<xmax>984</xmax>
			<ymax>1902</ymax>
		</bndbox>
	</object>
</annotation>
