<annotation>
	<folder>dot pen</folder>
	<filename>51. madeline-dot-pen-31.jpg</filename>
	<path>C:\Users\shankul\google-images-download\downloads\dot pen\51. madeline-dot-pen-31.jpg</path>
	<source>
		<database>Unknown</database>
	</source>
	<size>
		<width>600</width>
		<height>600</height>
		<depth>3</depth>
	</size>
	<segmented>0</segmented>
	<object>
		<name>pen</name>
		<pose>Unspecified</pose>
		<truncated>0</truncated>
		<difficult>0</difficult>
		<bndbox>
			<xmin>81</xmin>
			<ymin>75</ymin>
			<xmax>137</xmax>
			<ymax>525</ymax>
		</bndbox>
	</object>
	<object>
		<name>pen</name>
		<pose>Unspecified</pose>
		<truncated>0</truncated>
		<difficult>0</difficult>
		<bndbox>
			<xmin>153</xmin>
			<ymin>73</ymin>
			<xmax>206</xmax>
			<ymax>524</ymax>
		</bndbox>
	</object>
	<object>
		<name>pen</name>
		<pose>Unspecified</pose>
		<truncated>0</truncated>
		<difficult>0</difficult>
		<bndbox>
			<xmin>230</xmin>
			<ymin>76</ymin>
			<xmax>292</xmax>
			<ymax>527</ymax>
		</bndbox>
	</object>
	<object>
		<name>pen</name>
		<pose>Unspecified</pose>
		<truncated>0</truncated>
		<difficult>0</difficult>
		<bndbox>
			<xmin>311</xmin>
			<ymin>82</ymin>
			<xmax>373</xmax>
			<ymax>527</ymax>
		</bndbox>
	</object>
	<object>
		<name>pen</name>
		<pose>Unspecified</pose>
		<truncated>0</truncated>
		<difficult>0</difficult>
		<bndbox>
			<xmin>393</xmin>
			<ymin>78</ymin>
			<xmax>444</xmax>
			<ymax>522</ymax>
		</bndbox>
	</object>
	<object>
		<name>pen</name>
		<pose>Unspecified</pose>
		<truncated>0</truncated>
		<difficult>0</difficult>
		<bndbox>
			<xmin>474</xmin>
			<ymin>76</ymin>
			<xmax>525</xmax>
			<ymax>526</ymax>
		</bndbox>
	</object>
</annotation>
