<annotation>
	<folder>dot pen</folder>
	<filename>90. dot-design-aluminium-ballpoint-pen-blue.jpg</filename>
	<path>C:\Users\shankul\google-images-download\downloads\dot pen\90. dot-design-aluminium-ballpoint-pen-blue.jpg</path>
	<source>
		<database>Unknown</database>
	</source>
	<size>
		<width>924</width>
		<height>924</height>
		<depth>3</depth>
	</size>
	<segmented>0</segmented>
	<object>
		<name>pen</name>
		<pose>Unspecified</pose>
		<truncated>0</truncated>
		<difficult>0</difficult>
		<bndbox>
			<xmin>19</xmin>
			<ymin>411</ymin>
			<xmax>910</xmax>
			<ymax>490</ymax>
		</bndbox>
	</object>
</annotation>
