<annotation>
	<folder>people showing pen photo</folder>
	<filename>52. 103871764-writing-note-showing-leadership-business-photo-showcasing-ability-activity-involving-leading-a-group.jpg</filename>
	<path>C:\Users\shankul\Desktop\object-detection\images\train\img22.jpg</path>
	<source>
		<database>Unknown</database>
	</source>
	<size>
		<width>450</width>
		<height>300</height>
		<depth>3</depth>
	</size>
	<segmented>0</segmented>
	<object>
		<name>pen</name>
		<pose>Unspecified</pose>
		<truncated>0</truncated>
		<difficult>0</difficult>
		<bndbox>
			<xmin>295</xmin>
			<ymin>111</ymin>
			<xmax>448</xmax>
			<ymax>285</ymax>
		</bndbox>
	</object>
</annotation>
