<annotation>
	<folder>people showing pen photo</folder>
	<filename>55. bar_ab_wethepeoplept_side2.jpg</filename>
	<path>C:\Users\shankul\Desktop\object-detection\images\train\img24.jpg</path>
	<source>
		<database>Unknown</database>
	</source>
	<size>
		<width>800</width>
		<height>533</height>
		<depth>3</depth>
	</size>
	<segmented>0</segmented>
	<object>
		<name>pen</name>
		<pose>Unspecified</pose>
		<truncated>0</truncated>
		<difficult>0</difficult>
		<bndbox>
			<xmin>13</xmin>
			<ymin>28</ymin>
			<xmax>772</xmax>
			<ymax>518</ymax>
		</bndbox>
	</object>
</annotation>
