<annotation>
	<folder>dot pen</folder>
	<filename>10. dotspen.jpg</filename>
	<path>C:\Users\shankul\google-images-download\downloads\dot pen\10. dotspen.jpg</path>
	<source>
		<database>Unknown</database>
	</source>
	<size>
		<width>300</width>
		<height>360</height>
		<depth>3</depth>
	</size>
	<segmented>0</segmented>
	<object>
		<name>pen</name>
		<pose>Unspecified</pose>
		<truncated>0</truncated>
		<difficult>0</difficult>
		<bndbox>
			<xmin>135</xmin>
			<ymin>8</ymin>
			<xmax>278</xmax>
			<ymax>344</ymax>
		</bndbox>
	</object>
</annotation>
