<annotation>
	<folder>dot pen</folder>
	<filename>65. 51k0y0jyivl._sy355_.jpg</filename>
	<path>C:\Users\shankul\google-images-download\downloads\dot pen\65. 51k0y0jyivl._sy355_.jpg</path>
	<source>
		<database>Unknown</database>
	</source>
	<size>
		<width>303</width>
		<height>355</height>
		<depth>3</depth>
	</size>
	<segmented>0</segmented>
	<object>
		<name>pen</name>
		<pose>Unspecified</pose>
		<truncated>0</truncated>
		<difficult>0</difficult>
		<bndbox>
			<xmin>51</xmin>
			<ymin>14</ymin>
			<xmax>251</xmax>
			<ymax>317</ymax>
		</bndbox>
	</object>
</annotation>
