<annotation>
	<folder>dot pen</folder>
	<filename>73. brown-with-dark-purple-dot-lotta-jansdotter-ballpoint-pen-209119-1.jpg</filename>
	<path>C:\Users\shankul\google-images-download\downloads\dot pen\73. brown-with-dark-purple-dot-lotta-jansdotter-ballpoint-pen-209119-1.jpg</path>
	<source>
		<database>Unknown</database>
	</source>
	<size>
		<width>466</width>
		<height>466</height>
		<depth>3</depth>
	</size>
	<segmented>0</segmented>
	<object>
		<name>pen</name>
		<pose>Unspecified</pose>
		<truncated>0</truncated>
		<difficult>0</difficult>
		<bndbox>
			<xmin>36</xmin>
			<ymin>38</ymin>
			<xmax>439</xmax>
			<ymax>431</ymax>
		</bndbox>
	</object>
</annotation>
