<annotation>
	<folder>people showing pen photo</folder>
	<filename>6. depositphotos_192651898-stock-photo-writing-note-showing-who-choose.jpg</filename>
	<path>C:\Users\shankul\Desktop\object-detection\images\train\img26.jpg</path>
	<source>
		<database>Unknown</database>
	</source>
	<size>
		<width>1600</width>
		<height>1167</height>
		<depth>3</depth>
	</size>
	<segmented>0</segmented>
	<object>
		<name>pen</name>
		<pose>Unspecified</pose>
		<truncated>0</truncated>
		<difficult>0</difficult>
		<bndbox>
			<xmin>914</xmin>
			<ymin>603</ymin>
			<xmax>1063</xmax>
			<ymax>1080</ymax>
		</bndbox>
	</object>
</annotation>
