<annotation>
	<folder>people showing pen photo</folder>
	<filename>47. writing-note-showing-chase-your-dreams-not-people-business-photo-showcasing-do-not-follow-others-chasing-goals-objectives-bold-red-words-pen-on-page-paj0fd.jpg</filename>
	<path>C:\Users\shankul\Desktop\object-detection\images\train\img20.jpg</path>
	<source>
		<database>Unknown</database>
	</source>
	<size>
		<width>1300</width>
		<height>956</height>
		<depth>3</depth>
	</size>
	<segmented>0</segmented>
	<object>
		<name>pen</name>
		<pose>Unspecified</pose>
		<truncated>0</truncated>
		<difficult>0</difficult>
		<bndbox>
			<xmin>431</xmin>
			<ymin>492</ymin>
			<xmax>940</xmax>
			<ymax>831</ymax>
		</bndbox>
	</object>
	<object>
		<name>pen</name>
		<pose>Unspecified</pose>
		<truncated>0</truncated>
		<difficult>0</difficult>
		<bndbox>
			<xmin>992</xmin>
			<ymin>404</ymin>
			<xmax>1061</xmax>
			<ymax>867</ymax>
		</bndbox>
	</object>
	<object>
		<name>pen</name>
		<pose>Unspecified</pose>
		<truncated>0</truncated>
		<difficult>0</difficult>
		<bndbox>
			<xmin>1081</xmin>
			<ymin>417</ymin>
			<xmax>1173</xmax>
			<ymax>871</ymax>
		</bndbox>
	</object>
	<object>
		<name>pen</name>
		<pose>Unspecified</pose>
		<truncated>0</truncated>
		<difficult>0</difficult>
		<bndbox>
			<xmin>1171</xmin>
			<ymin>390</ymin>
			<xmax>1261</xmax>
			<ymax>863</ymax>
		</bndbox>
	</object>
</annotation>
