<annotation>
	<folder>dot pen</folder>
	<filename>4. ink-dot-generating-electonic-pen-the-pointillist-300x250.jpg</filename>
	<path>C:\Users\shankul\google-images-download\downloads\dot pen\4. ink-dot-generating-electonic-pen-the-pointillist-300x250.jpg</path>
	<source>
		<database>Unknown</database>
	</source>
	<size>
		<width>300</width>
		<height>250</height>
		<depth>3</depth>
	</size>
	<segmented>0</segmented>
	<object>
		<name>pen</name>
		<pose>Unspecified</pose>
		<truncated>0</truncated>
		<difficult>0</difficult>
		<bndbox>
			<xmin>111</xmin>
			<ymin>8</ymin>
			<xmax>283</xmax>
			<ymax>152</ymax>
		</bndbox>
	</object>
</annotation>
