<annotation>
	<folder>dot pen</folder>
	<filename>5. img_0007cc_cut.jpg</filename>
	<path>C:\Users\shankul\google-images-download\downloads\dot pen\5. img_0007cc_cut.jpg</path>
	<source>
		<database>Unknown</database>
	</source>
	<size>
		<width>1830</width>
		<height>1830</height>
		<depth>3</depth>
	</size>
	<segmented>0</segmented>
	<object>
		<name>pen</name>
		<pose>Unspecified</pose>
		<truncated>0</truncated>
		<difficult>0</difficult>
		<bndbox>
			<xmin>33</xmin>
			<ymin>47</ymin>
			<xmax>1792</xmax>
			<ymax>1800</ymax>
		</bndbox>
	</object>
</annotation>
