<annotation>
	<folder>dot pen</folder>
	<filename>66. acme-gene-meyer-color-dot-limited-edition-rollerball-pen_1.jpg</filename>
	<path>C:\Users\shankul\google-images-download\downloads\dot pen\66. acme-gene-meyer-color-dot-limited-edition-rollerball-pen_1.jpg</path>
	<source>
		<database>Unknown</database>
	</source>
	<size>
		<width>900</width>
		<height>900</height>
		<depth>3</depth>
	</size>
	<segmented>0</segmented>
	<object>
		<name>pen</name>
		<pose>Unspecified</pose>
		<truncated>0</truncated>
		<difficult>0</difficult>
		<bndbox>
			<xmin>298</xmin>
			<ymin>11</ymin>
			<xmax>614</xmax>
			<ymax>887</ymax>
		</bndbox>
	</object>
</annotation>
