<annotation>
	<folder>dot pen</folder>
	<filename>55. s-l300.jpg</filename>
	<path>C:\Users\shankul\google-images-download\downloads\dot pen\55. s-l300.jpg</path>
	<source>
		<database>Unknown</database>
	</source>
	<size>
		<width>300</width>
		<height>225</height>
		<depth>3</depth>
	</size>
	<segmented>0</segmented>
	<object>
		<name>pen</name>
		<pose>Unspecified</pose>
		<truncated>0</truncated>
		<difficult>0</difficult>
		<bndbox>
			<xmin>35</xmin>
			<ymin>15</ymin>
			<xmax>275</xmax>
			<ymax>202</ymax>
		</bndbox>
	</object>
</annotation>
