<annotation>
	<folder>dot pen</folder>
	<filename>58. 21891.jpg</filename>
	<path>C:\Users\shankul\google-images-download\downloads\dot pen\58. 21891.jpg</path>
	<source>
		<database>Unknown</database>
	</source>
	<size>
		<width>600</width>
		<height>400</height>
		<depth>3</depth>
	</size>
	<segmented>0</segmented>
	<object>
		<name>pen</name>
		<pose>Unspecified</pose>
		<truncated>0</truncated>
		<difficult>0</difficult>
		<bndbox>
			<xmin>59</xmin>
			<ymin>32</ymin>
			<xmax>561</xmax>
			<ymax>363</ymax>
		</bndbox>
	</object>
</annotation>
