<annotation>
	<folder>dot pen</folder>
	<filename>61. barron-clothing-bp5466-dot-design-aluminium-ballpoint-pen-97986.png</filename>
	<path>C:\Users\shankul\google-images-download\downloads\dot pen\61. barron-clothing-bp5466-dot-design-aluminium-ballpoint-pen-97986.png</path>
	<source>
		<database>Unknown</database>
	</source>
	<size>
		<width>700</width>
		<height>700</height>
		<depth>3</depth>
	</size>
	<segmented>0</segmented>
	<object>
		<name>pen</name>
		<pose>Unspecified</pose>
		<truncated>0</truncated>
		<difficult>0</difficult>
		<bndbox>
			<xmin>15</xmin>
			<ymin>323</ymin>
			<xmax>685</xmax>
			<ymax>386</ymax>
		</bndbox>
	</object>
</annotation>
