<annotation>
	<folder>dot pen</folder>
	<filename>7. f908-main-l.jpg</filename>
	<path>C:\Users\shankul\google-images-download\downloads\dot pen\7. f908-main-l.jpg</path>
	<source>
		<database>Unknown</database>
	</source>
	<size>
		<width>1000</width>
		<height>1000</height>
		<depth>3</depth>
	</size>
	<segmented>0</segmented>
	<object>
		<name>pen</name>
		<pose>Unspecified</pose>
		<truncated>0</truncated>
		<difficult>0</difficult>
		<bndbox>
			<xmin>57</xmin>
			<ymin>83</ymin>
			<xmax>949</xmax>
			<ymax>938</ymax>
		</bndbox>
	</object>
</annotation>
