<annotation>
	<folder>dot pen</folder>
	<filename>74. logo-customized-dot-top-pen.jpg</filename>
	<path>C:\Users\shankul\google-images-download\downloads\dot pen\74. logo-customized-dot-top-pen.jpg</path>
	<source>
		<database>Unknown</database>
	</source>
	<size>
		<width>1000</width>
		<height>1000</height>
		<depth>3</depth>
	</size>
	<segmented>0</segmented>
	<object>
		<name>pen</name>
		<pose>Unspecified</pose>
		<truncated>0</truncated>
		<difficult>0</difficult>
		<bndbox>
			<xmin>179</xmin>
			<ymin>132</ymin>
			<xmax>844</xmax>
			<ymax>835</ymax>
		</bndbox>
	</object>
</annotation>
