<annotation>
	<folder>dot pen</folder>
	<filename>57. 51lhzzw24tl._sx679_.jpg</filename>
	<path>C:\Users\shankul\google-images-download\downloads\dot pen\57. 51lhzzw24tl._sx679_.jpg</path>
	<source>
		<database>Unknown</database>
	</source>
	<size>
		<width>679</width>
		<height>679</height>
		<depth>3</depth>
	</size>
	<segmented>0</segmented>
	<object>
		<name>pen</name>
		<pose>Unspecified</pose>
		<truncated>0</truncated>
		<difficult>0</difficult>
		<bndbox>
			<xmin>38</xmin>
			<ymin>38</ymin>
			<xmax>525</xmax>
			<ymax>587</ymax>
		</bndbox>
	</object>
</annotation>
