<annotation>
	<folder>people showing pen photo</folder>
	<filename>73. stock-photo-young-woman-holding-pen-20384.jpg</filename>
	<path>C:\Users\shankul\Desktop\object-detection\images\train\img31.jpg</path>
	<source>
		<database>Unknown</database>
	</source>
	<size>
		<width>400</width>
		<height>266</height>
		<depth>3</depth>
	</size>
	<segmented>0</segmented>
	<object>
		<name>pen</name>
		<pose>Unspecified</pose>
		<truncated>0</truncated>
		<difficult>0</difficult>
		<bndbox>
			<xmin>169</xmin>
			<ymin>163</ymin>
			<xmax>270</xmax>
			<ymax>181</ymax>
		</bndbox>
	</object>
</annotation>
