<annotation>
	<folder>Pen in hand photo</folder>
	<filename>10. 4671434-hand-with-pen-isolated-on-white.jpg</filename>
	<path>C:\Users\shankul\google-images-download\downloads\Pen in hand photo\10. 4671434-hand-with-pen-isolated-on-white.jpg</path>
	<source>
		<database>Unknown</database>
	</source>
	<size>
		<width>800</width>
		<height>533</height>
		<depth>3</depth>
	</size>
	<segmented>0</segmented>
	<object>
		<name>pen</name>
		<pose>Unspecified</pose>
		<truncated>0</truncated>
		<difficult>0</difficult>
		<bndbox>
			<xmin>320</xmin>
			<ymin>136</ymin>
			<xmax>633</xmax>
			<ymax>373</ymax>
		</bndbox>
	</object>
</annotation>
