<annotation>
	<folder>Pen in hand photo</folder>
	<filename>11. 580b585b2edbce24c47b28d8.png</filename>
	<path>C:\Users\shankul\google-images-download\downloads\Pen in hand photo\11. 580b585b2edbce24c47b28d8.png</path>
	<source>
		<database>Unknown</database>
	</source>
	<size>
		<width>1615</width>
		<height>1542</height>
		<depth>3</depth>
	</size>
	<segmented>0</segmented>
	<object>
		<name>pen</name>
		<pose>Unspecified</pose>
		<truncated>1</truncated>
		<difficult>0</difficult>
		<bndbox>
			<xmin>1</xmin>
			<ymin>404</ymin>
			<xmax>1606</xmax>
			<ymax>1524</ymax>
		</bndbox>
	</object>
</annotation>
