<annotation>
	<folder>people showing pen photo</folder>
	<filename>11. depositphotos_191980418-stock-photo-text-sign-showing-publish-conceptual.jpg</filename>
	<path>C:\Users\shankul\Desktop\object-detection\images\train\img3.jpg</path>
	<source>
		<database>Unknown</database>
	</source>
	<size>
		<width>1600</width>
		<height>1167</height>
		<depth>3</depth>
	</size>
	<segmented>0</segmented>
	<object>
		<name>pen</name>
		<pose>Unspecified</pose>
		<truncated>0</truncated>
		<difficult>0</difficult>
		<bndbox>
			<xmin>829</xmin>
			<ymin>229</ymin>
			<xmax>1550</xmax>
			<ymax>316</ymax>
		</bndbox>
	</object>
	<object>
		<name>pen</name>
		<pose>Unspecified</pose>
		<truncated>0</truncated>
		<difficult>0</difficult>
		<bndbox>
			<xmin>122</xmin>
			<ymin>501</ymin>
			<xmax>263</xmax>
			<ymax>1067</ymax>
		</bndbox>
	</object>
</annotation>
