<annotation>
	<folder>people showing pen photo</folder>
	<filename>7. text-sign-showing-who-question-conceptual-photo-asking-for-specific-name-of-someone-people-personality-wood-nice-love-colour-hart-marker-pen-art-work-p798d8.jpg</filename>
	<path>C:\Users\shankul\Desktop\object-detection\images\train\img30.jpg</path>
	<source>
		<database>Unknown</database>
	</source>
	<size>
		<width>1300</width>
		<height>956</height>
		<depth>3</depth>
	</size>
	<segmented>0</segmented>
	<object>
		<name>pen</name>
		<pose>Unspecified</pose>
		<truncated>0</truncated>
		<difficult>0</difficult>
		<bndbox>
			<xmin>661</xmin>
			<ymin>452</ymin>
			<xmax>1213</xmax>
			<ymax>867</ymax>
		</bndbox>
	</object>
</annotation>
