<annotation>
	<folder>people showing pen photo</folder>
	<filename>85. maxresdefault.jpg</filename>
	<path>C:\Users\shankul\google-images-download\downloads\people showing pen photo\85. maxresdefault.jpg</path>
	<source>
		<database>Unknown</database>
	</source>
	<size>
		<width>1280</width>
		<height>720</height>
		<depth>3</depth>
	</size>
	<segmented>0</segmented>
	<object>
		<name>pen</name>
		<pose>Unspecified</pose>
		<truncated>0</truncated>
		<difficult>0</difficult>
		<bndbox>
			<xmin>576</xmin>
			<ymin>447</ymin>
			<xmax>763</xmax>
			<ymax>705</ymax>
		</bndbox>
	</object>
</annotation>
