<annotation>
	<folder>Pen in hand photo</folder>
	<filename>1. 15722678-hand-holding-a-pen-in-the-writing-position-.jpg</filename>
	<path>C:\Users\shankul\google-images-download\downloads\Pen in hand photo\1. 15722678-hand-holding-a-pen-in-the-writing-position-.jpg</path>
	<source>
		<database>Unknown</database>
	</source>
	<size>
		<width>1300</width>
		<height>844</height>
		<depth>3</depth>
	</size>
	<segmented>0</segmented>
	<object>
		<name>pen</name>
		<pose>Unspecified</pose>
		<truncated>0</truncated>
		<difficult>0</difficult>
		<bndbox>
			<xmin>236</xmin>
			<ymin>140</ymin>
			<xmax>1209</xmax>
			<ymax>613</ymax>
		</bndbox>
	</object>
</annotation>
