<annotation>
	<folder>people showing pen photo</folder>
	<filename>8. text-sign-showing-who-question-conceptual-photo-asking-specific-name-someone-people-personality-cup-marker-red-pen-notepad-120512005.jpg</filename>
	<path>C:\Users\shankul\Desktop\object-detection\images\train\img32.jpg</path>
	<source>
		<database>Unknown</database>
	</source>
	<size>
		<width>800</width>
		<height>533</height>
		<depth>3</depth>
	</size>
	<segmented>0</segmented>
	<object>
		<name>pen</name>
		<pose>Unspecified</pose>
		<truncated>0</truncated>
		<difficult>0</difficult>
		<bndbox>
			<xmin>336</xmin>
			<ymin>233</ymin>
			<xmax>548</xmax>
			<ymax>320</ymax>
		</bndbox>
	</object>
</annotation>
