<annotation>
	<folder>Pen in hand photo</folder>
	<filename>17. 2257efcaecdc369.jpg</filename>
	<path>C:\Users\shankul\google-images-download\downloads\Pen in hand photo\17. 2257efcaecdc369.jpg</path>
	<source>
		<database>Unknown</database>
	</source>
	<size>
		<width>650</width>
		<height>933</height>
		<depth>3</depth>
	</size>
	<segmented>0</segmented>
	<object>
		<name>pen</name>
		<pose>Unspecified</pose>
		<truncated>0</truncated>
		<difficult>0</difficult>
		<bndbox>
			<xmin>161</xmin>
			<ymin>187</ymin>
			<xmax>504</xmax>
			<ymax>482</ymax>
		</bndbox>
	</object>
</annotation>
