<annotation>
	<folder>Pen in hand photo</folder>
	<filename>16. female-teen-hand-writing-something-pen-marker-isolated-31451424.jpg</filename>
	<path>C:\Users\shankul\google-images-download\downloads\Pen in hand photo\16. female-teen-hand-writing-something-pen-marker-isolated-31451424.jpg</path>
	<source>
		<database>Unknown</database>
	</source>
	<size>
		<width>600</width>
		<height>900</height>
		<depth>3</depth>
	</size>
	<segmented>0</segmented>
	<object>
		<name>pen</name>
		<pose>Unspecified</pose>
		<truncated>0</truncated>
		<difficult>0</difficult>
		<bndbox>
			<xmin>177</xmin>
			<ymin>149</ymin>
			<xmax>501</xmax>
			<ymax>435</ymax>
		</bndbox>
	</object>
</annotation>
