<annotation>
	<folder>people showing pen photo</folder>
	<filename>81. 67709681-unrecognizable-business-people-sitting-at-table-indoors-and-studying-statistic-report-on-usa-busines.jpg</filename>
	<path>C:\Users\shankul\Desktop\object-detection\images\train\img33.jpg</path>
	<source>
		<database>Unknown</database>
	</source>
	<size>
		<width>450</width>
		<height>300</height>
		<depth>3</depth>
	</size>
	<segmented>0</segmented>
	<object>
		<name>pen</name>
		<pose>Unspecified</pose>
		<truncated>0</truncated>
		<difficult>0</difficult>
		<bndbox>
			<xmin>197</xmin>
			<ymin>78</ymin>
			<xmax>229</xmax>
			<ymax>154</ymax>
		</bndbox>
	</object>
</annotation>
