<annotation>
	<folder>Pen in hand photo</folder>
	<filename>20. f09957ed25df15e723c4290c47c535fb.jpg</filename>
	<path>C:\Users\shankul\google-images-download\downloads\Pen in hand photo\20. f09957ed25df15e723c4290c47c535fb.jpg</path>
	<source>
		<database>Unknown</database>
	</source>
	<size>
		<width>260</width>
		<height>587</height>
		<depth>3</depth>
	</size>
	<segmented>0</segmented>
	<object>
		<name>pen</name>
		<pose>Unspecified</pose>
		<truncated>1</truncated>
		<difficult>0</difficult>
		<bndbox>
			<xmin>38</xmin>
			<ymin>1</ymin>
			<xmax>205</xmax>
			<ymax>308</ymax>
		</bndbox>
	</object>
</annotation>
