<annotation>
	<folder>Pen in hand photo</folder>
	<filename>18. close-up-of-hand-holding-a-pen-to-write_1232-764.jpg</filename>
	<path>C:\Users\shankul\google-images-download\downloads\Pen in hand photo\18. close-up-of-hand-holding-a-pen-to-write_1232-764.jpg</path>
	<source>
		<database>Unknown</database>
	</source>
	<size>
		<width>338</width>
		<height>205</height>
		<depth>3</depth>
	</size>
	<segmented>0</segmented>
	<object>
		<name>pen</name>
		<pose>Unspecified</pose>
		<truncated>0</truncated>
		<difficult>0</difficult>
		<bndbox>
			<xmin>194</xmin>
			<ymin>44</ymin>
			<xmax>309</xmax>
			<ymax>77</ymax>
		</bndbox>
	</object>
</annotation>
