<annotation>
	<folder>Pen in hand photo</folder>
	<filename>23. kisspng-handwriting-pen-pencil-and-hand-5a92b523147687.8723545215195640670838.jpg</filename>
	<path>C:\Users\shankul\google-images-download\downloads\Pen in hand photo\23. kisspng-handwriting-pen-pencil-and-hand-5a92b523147687.8723545215195640670838.jpg</path>
	<source>
		<database>Unknown</database>
	</source>
	<size>
		<width>900</width>
		<height>640</height>
		<depth>3</depth>
	</size>
	<segmented>0</segmented>
	<object>
		<name>pen</name>
		<pose>Unspecified</pose>
		<truncated>0</truncated>
		<difficult>0</difficult>
		<bndbox>
			<xmin>301</xmin>
			<ymin>130</ymin>
			<xmax>412</xmax>
			<ymax>370</ymax>
		</bndbox>
	</object>
</annotation>
