<annotation>
	<folder>Pen in hand photo</folder>
	<filename>34. 580b585b2edbce24c47b28db.png</filename>
	<path>C:\Users\shankul\google-images-download\downloads\Pen in hand photo\34. 580b585b2edbce24c47b28db.png</path>
	<source>
		<database>Unknown</database>
	</source>
	<size>
		<width>698</width>
		<height>791</height>
		<depth>3</depth>
	</size>
	<segmented>0</segmented>
	<object>
		<name>pen</name>
		<pose>Unspecified</pose>
		<truncated>0</truncated>
		<difficult>0</difficult>
		<bndbox>
			<xmin>5</xmin>
			<ymin>42</ymin>
			<xmax>333</xmax>
			<ymax>112</ymax>
		</bndbox>
	</object>
</annotation>
