<annotation>
	<folder>Pen in hand photo</folder>
	<filename>21. hand-holding-pen.jpg</filename>
	<path>C:\Users\shankul\google-images-download\downloads\Pen in hand photo\21. hand-holding-pen.jpg</path>
	<source>
		<database>Unknown</database>
	</source>
	<size>
		<width>500</width>
		<height>334</height>
		<depth>3</depth>
	</size>
	<segmented>0</segmented>
	<object>
		<name>pen</name>
		<pose>Unspecified</pose>
		<truncated>1</truncated>
		<difficult>0</difficult>
		<bndbox>
			<xmin>1</xmin>
			<ymin>87</ymin>
			<xmax>426</xmax>
			<ymax>165</ymax>
		</bndbox>
	</object>
</annotation>
