<annotation>
	<folder>Pen in hand photo</folder>
	<filename>35. n-writing-pen-and-paper-628x314.jpg</filename>
	<path>C:\Users\shankul\google-images-download\downloads\Pen in hand photo\35. n-writing-pen-and-paper-628x314.jpg</path>
	<source>
		<database>Unknown</database>
	</source>
	<size>
		<width>628</width>
		<height>314</height>
		<depth>3</depth>
	</size>
	<segmented>0</segmented>
	<object>
		<name>pen</name>
		<pose>Unspecified</pose>
		<truncated>0</truncated>
		<difficult>0</difficult>
		<bndbox>
			<xmin>74</xmin>
			<ymin>4</ymin>
			<xmax>372</xmax>
			<ymax>269</ymax>
		</bndbox>
	</object>
</annotation>
