<annotation>
	<folder>Pen in hand photo</folder>
	<filename>26. 590x504.jpg</filename>
	<path>C:\Users\shankul\google-images-download\downloads\Pen in hand photo\26. 590x504.jpg</path>
	<source>
		<database>Unknown</database>
	</source>
	<size>
		<width>590</width>
		<height>504</height>
		<depth>3</depth>
	</size>
	<segmented>0</segmented>
	<object>
		<name>pen</name>
		<pose>Unspecified</pose>
		<truncated>0</truncated>
		<difficult>0</difficult>
		<bndbox>
			<xmin>56</xmin>
			<ymin>101</ymin>
			<xmax>387</xmax>
			<ymax>167</ymax>
		</bndbox>
	</object>
</annotation>
