<annotation>
	<folder>people showing pen photo</folder>
	<filename>14. depositphotos_192806682-stock-photo-writing-note-showing-who-choose.jpg</filename>
	<path>C:\Users\shankul\Desktop\object-detection\images\train\img4.jpg</path>
	<source>
		<database>Unknown</database>
	</source>
	<size>
		<width>1600</width>
		<height>1167</height>
		<depth>3</depth>
	</size>
	<segmented>0</segmented>
	<object>
		<name>pen</name>
		<pose>Unspecified</pose>
		<truncated>0</truncated>
		<difficult>0</difficult>
		<bndbox>
			<xmin>434</xmin>
			<ymin>3</ymin>
			<xmax>1211</xmax>
			<ymax>201</ymax>
		</bndbox>
	</object>
	<object>
		<name>pen</name>
		<pose>Unspecified</pose>
		<truncated>1</truncated>
		<difficult>0</difficult>
		<bndbox>
			<xmin>1265</xmin>
			<ymin>634</ymin>
			<xmax>1600</xmax>
			<ymax>981</ymax>
		</bndbox>
	</object>
	<object>
		<name>pen</name>
		<pose>Unspecified</pose>
		<truncated>0</truncated>
		<difficult>0</difficult>
		<bndbox>
			<xmin>919</xmin>
			<ymin>672</ymin>
			<xmax>1275</xmax>
			<ymax>1044</ymax>
		</bndbox>
	</object>
</annotation>
