<annotation>
	<folder>Pen in hand photo</folder>
	<filename>2. 800px_colourbox3933887.jpg</filename>
	<path>C:\Users\shankul\google-images-download\downloads\Pen in hand photo\2. 800px_colourbox3933887.jpg</path>
	<source>
		<database>Unknown</database>
	</source>
	<size>
		<width>587</width>
		<height>800</height>
		<depth>3</depth>
	</size>
	<segmented>0</segmented>
	<object>
		<name>pen</name>
		<pose>Unspecified</pose>
		<truncated>0</truncated>
		<difficult>0</difficult>
		<bndbox>
			<xmin>136</xmin>
			<ymin>162</ymin>
			<xmax>418</xmax>
			<ymax>312</ymax>
		</bndbox>
	</object>
</annotation>
