<annotation>
	<folder>Pen in hand photo</folder>
	<filename>24. a-hand-writing-with-a-pen.jpg</filename>
	<path>C:\Users\shankul\google-images-download\downloads\Pen in hand photo\24. a-hand-writing-with-a-pen.jpg</path>
	<source>
		<database>Unknown</database>
	</source>
	<size>
		<width>970</width>
		<height>1016</height>
		<depth>3</depth>
	</size>
	<segmented>0</segmented>
	<object>
		<name>pen</name>
		<pose>Unspecified</pose>
		<truncated>0</truncated>
		<difficult>0</difficult>
		<bndbox>
			<xmin>256</xmin>
			<ymin>222</ymin>
			<xmax>601</xmax>
			<ymax>294</ymax>
		</bndbox>
	</object>
</annotation>
