<annotation>
	<folder>Pen in hand photo</folder>
	<filename>51. pen-427516_960_720.png</filename>
	<path>C:\Users\shankul\google-images-download\downloads\Pen in hand photo\51. pen-427516_960_720.png</path>
	<source>
		<database>Unknown</database>
	</source>
	<size>
		<width>960</width>
		<height>638</height>
		<depth>3</depth>
	</size>
	<segmented>0</segmented>
	<object>
		<name>pen</name>
		<pose>Unspecified</pose>
		<truncated>0</truncated>
		<difficult>0</difficult>
		<bndbox>
			<xmin>540</xmin>
			<ymin>229</ymin>
			<xmax>592</xmax>
			<ymax>360</ymax>
		</bndbox>
	</object>
</annotation>
