<annotation>
	<folder>Pen in hand photo</folder>
	<filename>39. galaxy-note5_spen_feature_handwrite-hand.png</filename>
	<path>C:\Users\shankul\google-images-download\downloads\Pen in hand photo\39. galaxy-note5_spen_feature_handwrite-hand.png</path>
	<source>
		<database>Unknown</database>
	</source>
	<size>
		<width>1920</width>
		<height>1280</height>
		<depth>3</depth>
	</size>
	<segmented>0</segmented>
	<object>
		<name>pen</name>
		<pose>Unspecified</pose>
		<truncated>0</truncated>
		<difficult>0</difficult>
		<bndbox>
			<xmin>646</xmin>
			<ymin>490</ymin>
			<xmax>1021</xmax>
			<ymax>658</ymax>
		</bndbox>
	</object>
</annotation>
