<annotation>
	<folder>Pen in hand photo</folder>
	<filename>46. female-hands-holding-pen-and-blank-paper-sheets-with-copyspace-on-table-he-writes-the-word-help_rpgenwyw__f0000.png</filename>
	<path>C:\Users\shankul\google-images-download\downloads\Pen in hand photo\46. female-hands-holding-pen-and-blank-paper-sheets-with-copyspace-on-table-he-writes-the-word-help_rpgenwyw__f0000.png</path>
	<source>
		<database>Unknown</database>
	</source>
	<size>
		<width>1920</width>
		<height>1080</height>
		<depth>3</depth>
	</size>
	<segmented>0</segmented>
	<object>
		<name>pen</name>
		<pose>Unspecified</pose>
		<truncated>0</truncated>
		<difficult>0</difficult>
		<bndbox>
			<xmin>1127</xmin>
			<ymin>199</ymin>
			<xmax>1839</xmax>
			<ymax>352</ymax>
		</bndbox>
	</object>
</annotation>
