<annotation>
	<folder>people showing pen photo</folder>
	<filename>17. businessman-with-pen-stock-picture-1698812.jpg</filename>
	<path>C:\Users\shankul\Desktop\object-detection\images\train\img5.jpg</path>
	<source>
		<database>Unknown</database>
	</source>
	<size>
		<width>1300</width>
		<height>955</height>
		<depth>3</depth>
	</size>
	<segmented>0</segmented>
	<object>
		<name>pen</name>
		<pose>Unspecified</pose>
		<truncated>0</truncated>
		<difficult>0</difficult>
		<bndbox>
			<xmin>577</xmin>
			<ymin>325</ymin>
			<xmax>792</xmax>
			<ymax>477</ymax>
		</bndbox>
	</object>
</annotation>
