<annotation>
	<folder>Pen in hand photo</folder>
	<filename>48. maxresdefault.jpg</filename>
	<path>C:\Users\shankul\google-images-download\downloads\Pen in hand photo\48. maxresdefault.jpg</path>
	<source>
		<database>Unknown</database>
	</source>
	<size>
		<width>1280</width>
		<height>720</height>
		<depth>3</depth>
	</size>
	<segmented>0</segmented>
	<object>
		<name>pen</name>
		<pose>Unspecified</pose>
		<truncated>0</truncated>
		<difficult>0</difficult>
		<bndbox>
			<xmin>807</xmin>
			<ymin>195</ymin>
			<xmax>1140</xmax>
			<ymax>278</ymax>
		</bndbox>
	</object>
</annotation>
