<annotation>
	<folder>Pen in hand photo</folder>
	<filename>4. pen-on-hand-11530934322tdhbaybtfd.png</filename>
	<path>C:\Users\shankul\google-images-download\downloads\Pen in hand photo\4. pen-on-hand-11530934322tdhbaybtfd.png</path>
	<source>
		<database>Unknown</database>
	</source>
	<size>
		<width>850</width>
		<height>606</height>
		<depth>3</depth>
	</size>
	<segmented>0</segmented>
	<object>
		<name>pen</name>
		<pose>Unspecified</pose>
		<truncated>0</truncated>
		<difficult>0</difficult>
		<bndbox>
			<xmin>7</xmin>
			<ymin>46</ymin>
			<xmax>395</xmax>
			<ymax>182</ymax>
		</bndbox>
	</object>
</annotation>
