<annotation>
	<folder>Pen in hand photo</folder>
	<filename>37. kisspng-paper-pen-writing-hand-stock-photography-hand-holding-a-pen-writing-5aa81713a98ec8.6363858315209653956945.jpg</filename>
	<path>C:\Users\shankul\google-images-download\downloads\Pen in hand photo\37. kisspng-paper-pen-writing-hand-stock-photography-hand-holding-a-pen-writing-5aa81713a98ec8.6363858315209653956945.jpg</path>
	<source>
		<database>Unknown</database>
	</source>
	<size>
		<width>260</width>
		<height>300</height>
		<depth>3</depth>
	</size>
	<segmented>0</segmented>
	<object>
		<name>pen</name>
		<pose>Unspecified</pose>
		<truncated>0</truncated>
		<difficult>0</difficult>
		<bndbox>
			<xmin>18</xmin>
			<ymin>41</ymin>
			<xmax>171</xmax>
			<ymax>213</ymax>
		</bndbox>
	</object>
</annotation>
