<annotation>
	<folder>Pen in hand photo</folder>
	<filename>49. 640x960.jpg</filename>
	<path>C:\Users\shankul\google-images-download\downloads\Pen in hand photo\49. 640x960.jpg</path>
	<source>
		<database>Unknown</database>
	</source>
	<size>
		<width>640</width>
		<height>857</height>
		<depth>3</depth>
	</size>
	<segmented>0</segmented>
	<object>
		<name>pen</name>
		<pose>Unspecified</pose>
		<truncated>0</truncated>
		<difficult>0</difficult>
		<bndbox>
			<xmin>101</xmin>
			<ymin>339</ymin>
			<xmax>608</xmax>
			<ymax>528</ymax>
		</bndbox>
	</object>
</annotation>
