<annotation>
	<folder>Pen in hand photo</folder>
	<filename>45. hand-with-pen-over-application-form_1232-4916.jpg</filename>
	<path>C:\Users\shankul\google-images-download\downloads\Pen in hand photo\45. hand-with-pen-over-application-form_1232-4916.jpg</path>
	<source>
		<database>Unknown</database>
	</source>
	<size>
		<width>338</width>
		<height>225</height>
		<depth>3</depth>
	</size>
	<segmented>0</segmented>
	<object>
		<name>pen</name>
		<pose>Unspecified</pose>
		<truncated>0</truncated>
		<difficult>0</difficult>
		<bndbox>
			<xmin>85</xmin>
			<ymin>9</ymin>
			<xmax>144</xmax>
			<ymax>171</ymax>
		</bndbox>
	</object>
</annotation>
