<annotation>
	<folder>Pen in hand photo</folder>
	<filename>50. writing-male-hand-with-red-pen-on-white-picture-id155376198.jpg</filename>
	<path>C:\Users\shankul\google-images-download\downloads\Pen in hand photo\50. writing-male-hand-with-red-pen-on-white-picture-id155376198.jpg</path>
	<source>
		<database>Unknown</database>
	</source>
	<size>
		<width>822</width>
		<height>1024</height>
		<depth>3</depth>
	</size>
	<segmented>0</segmented>
	<object>
		<name>pen</name>
		<pose>Unspecified</pose>
		<truncated>0</truncated>
		<difficult>0</difficult>
		<bndbox>
			<xmin>164</xmin>
			<ymin>249</ymin>
			<xmax>537</xmax>
			<ymax>439</ymax>
		</bndbox>
	</object>
</annotation>
