<annotation>
	<folder>Pen in hand photo</folder>
	<filename>60. 478x640_ac.jpg</filename>
	<path>C:\Users\shankul\google-images-download\downloads\Pen in hand photo\60. 478x640_ac.jpg</path>
	<source>
		<database>Unknown</database>
	</source>
	<size>
		<width>478</width>
		<height>640</height>
		<depth>3</depth>
	</size>
	<segmented>0</segmented>
	<object>
		<name>pen</name>
		<pose>Unspecified</pose>
		<truncated>0</truncated>
		<difficult>0</difficult>
		<bndbox>
			<xmin>61</xmin>
			<ymin>63</ymin>
			<xmax>442</xmax>
			<ymax>311</ymax>
		</bndbox>
	</object>
</annotation>
