<annotation>
	<folder>Pen in hand photo</folder>
	<filename>70. 15722685-hand-holding-a-pen-in-the-writing-position-.jpg</filename>
	<path>C:\Users\shankul\google-images-download\downloads\Pen in hand photo\70. 15722685-hand-holding-a-pen-in-the-writing-position-.jpg</path>
	<source>
		<database>Unknown</database>
	</source>
	<size>
		<width>450</width>
		<height>300</height>
		<depth>3</depth>
	</size>
	<segmented>0</segmented>
	<object>
		<name>pen</name>
		<pose>Unspecified</pose>
		<truncated>0</truncated>
		<difficult>0</difficult>
		<bndbox>
			<xmin>75</xmin>
			<ymin>16</ymin>
			<xmax>335</xmax>
			<ymax>212</ymax>
		</bndbox>
	</object>
</annotation>
