<annotation>
	<folder>Pen in hand photo</folder>
	<filename>71. if+you%e2%80%99ve+ever+wanted+to+learn+hand+lettering%2c+check+out+these+easy-to-follow+tips+to+get+you+started.+it+even+includes+hand+lettering+practice+sheets%21.jpg</filename>
	<path>C:\Users\shankul\google-images-download\downloads\Pen in hand photo\71. if+you%e2%80%99ve+ever+wanted+to+learn+hand+lettering%2c+check+out+these+easy-to-follow+tips+to+get+you+started.+it+even+includes+hand+lettering+practice+sheets%21.jpg</path>
	<source>
		<database>Unknown</database>
	</source>
	<size>
		<width>1000</width>
		<height>1333</height>
		<depth>3</depth>
	</size>
	<segmented>0</segmented>
	<object>
		<name>pen</name>
		<pose>Unspecified</pose>
		<truncated>0</truncated>
		<difficult>0</difficult>
		<bndbox>
			<xmin>307</xmin>
			<ymin>249</ymin>
			<xmax>757</xmax>
			<ymax>1142</ymax>
		</bndbox>
	</object>
</annotation>
