<annotation>
	<folder>Pen in hand photo</folder>
	<filename>74. aid427684-v4-728px-get-pen-off-your-skin-step-9-version-2.jpg</filename>
	<path>C:\Users\shankul\google-images-download\downloads\Pen in hand photo\74. aid427684-v4-728px-get-pen-off-your-skin-step-9-version-2.jpg</path>
	<source>
		<database>Unknown</database>
	</source>
	<size>
		<width>728</width>
		<height>410</height>
		<depth>3</depth>
	</size>
	<segmented>0</segmented>
	<object>
		<name>pen</name>
		<pose>Unspecified</pose>
		<truncated>0</truncated>
		<difficult>0</difficult>
		<bndbox>
			<xmin>46</xmin>
			<ymin>304</ymin>
			<xmax>375</xmax>
			<ymax>386</ymax>
		</bndbox>
	</object>
</annotation>
