<annotation>
	<folder>people showing pen photo</folder>
	<filename>18. text-sign-showing-tax-conceptual-photo-compulsory-payment-of-taxes-by-people-to-government-increase-revenue-notepad-paperwork-marker-pen-ask-idea-pur-p70jem.jpg</filename>
	<path>C:\Users\shankul\Desktop\object-detection\images\train\img6.jpg</path>
	<source>
		<database>Unknown</database>
	</source>
	<size>
		<width>1300</width>
		<height>956</height>
		<depth>3</depth>
	</size>
	<segmented>0</segmented>
	<object>
		<name>pen</name>
		<pose>Unspecified</pose>
		<truncated>0</truncated>
		<difficult>0</difficult>
		<bndbox>
			<xmin>540</xmin>
			<ymin>496</ymin>
			<xmax>838</xmax>
			<ymax>871</ymax>
		</bndbox>
	</object>
</annotation>
