<annotation>
	<folder>Pen in hand photo</folder>
	<filename>69. main-qimg-cf66837530b19b7427553e2665b20128.jpg</filename>
	<path>C:\Users\shankul\google-images-download\downloads\Pen in hand photo\69. main-qimg-cf66837530b19b7427553e2665b20128.jpg</path>
	<source>
		<database>Unknown</database>
	</source>
	<size>
		<width>0</width>
		<height>0</height>
		<depth>3</depth>
	</size>
	<segmented>0</segmented>
	<object>
		<name>pen</name>
		<pose>Unspecified</pose>
		<truncated>0</truncated>
		<difficult>0</difficult>
		<bndbox>
			<xmin>65</xmin>
			<ymin>17</ymin>
			<xmax>187</xmax>
			<ymax>160</ymax>
		</bndbox>
	</object>
</annotation>
