<annotation>
	<folder>Pen in hand photo</folder>
	<filename>76. baby-hand-holding-pen-picture-id897232744.jpg</filename>
	<path>C:\Users\shankul\google-images-download\downloads\Pen in hand photo\76. baby-hand-holding-pen-picture-id897232744.jpg</path>
	<source>
		<database>Unknown</database>
	</source>
	<size>
		<width>1024</width>
		<height>682</height>
		<depth>3</depth>
	</size>
	<segmented>0</segmented>
	<object>
		<name>pen</name>
		<pose>Unspecified</pose>
		<truncated>0</truncated>
		<difficult>0</difficult>
		<bndbox>
			<xmin>434</xmin>
			<ymin>372</ymin>
			<xmax>719</xmax>
			<ymax>421</ymax>
		</bndbox>
	</object>
</annotation>
