<annotation>
	<folder>Pen in hand photo</folder>
	<filename>68. hand-holding-pen.jpg</filename>
	<path>C:\Users\shankul\google-images-download\downloads\Pen in hand photo\68. hand-holding-pen.jpg</path>
	<source>
		<database>Unknown</database>
	</source>
	<size>
		<width>1667</width>
		<height>2500</height>
		<depth>3</depth>
	</size>
	<segmented>0</segmented>
	<object>
		<name>pen</name>
		<pose>Unspecified</pose>
		<truncated>0</truncated>
		<difficult>0</difficult>
		<bndbox>
			<xmin>489</xmin>
			<ymin>425</ymin>
			<xmax>1443</xmax>
			<ymax>1650</ymax>
		</bndbox>
	</object>
</annotation>
