<annotation>
	<folder>Pen in hand photo</folder>
	<filename>75. 20130201_065124.jpg</filename>
	<path>C:\Users\shankul\google-images-download\downloads\Pen in hand photo\75. 20130201_065124.jpg</path>
	<source>
		<database>Unknown</database>
	</source>
	<size>
		<width>2048</width>
		<height>1536</height>
		<depth>3</depth>
	</size>
	<segmented>0</segmented>
	<object>
		<name>pen</name>
		<pose>Unspecified</pose>
		<truncated>0</truncated>
		<difficult>0</difficult>
		<bndbox>
			<xmin>589</xmin>
			<ymin>14</ymin>
			<xmax>1822</xmax>
			<ymax>981</ymax>
		</bndbox>
	</object>
</annotation>
