<annotation>
	<folder>Pen in hand photo</folder>
	<filename>55. 105534.jpg</filename>
	<path>C:\Users\shankul\google-images-download\downloads\Pen in hand photo\55. 105534.jpg</path>
	<source>
		<database>Unknown</database>
	</source>
	<size>
		<width>621</width>
		<height>414</height>
		<depth>3</depth>
	</size>
	<segmented>0</segmented>
	<object>
		<name>pen</name>
		<pose>Unspecified</pose>
		<truncated>0</truncated>
		<difficult>0</difficult>
		<bndbox>
			<xmin>172</xmin>
			<ymin>15</ymin>
			<xmax>425</xmax>
			<ymax>387</ymax>
		</bndbox>
	</object>
</annotation>
