<annotation>
	<folder>Pen in hand photo</folder>
	<filename>96. 6159490-hand-writing-on-copy-space-beautiful-female-hand-holding-black-marker-pen-brightly-lit-with-backligh.jpg</filename>
	<path>C:\Users\shankul\google-images-download\downloads\Pen in hand photo\96. 6159490-hand-writing-on-copy-space-beautiful-female-hand-holding-black-marker-pen-brightly-lit-with-backligh.jpg</path>
	<source>
		<database>Unknown</database>
	</source>
	<size>
		<width>975</width>
		<height>1300</height>
		<depth>3</depth>
	</size>
	<segmented>0</segmented>
	<object>
		<name>pen</name>
		<pose>Unspecified</pose>
		<truncated>0</truncated>
		<difficult>0</difficult>
		<bndbox>
			<xmin>499</xmin>
			<ymin>525</ymin>
			<xmax>686</xmax>
			<ymax>953</ymax>
		</bndbox>
	</object>
</annotation>
