<annotation>
	<folder>Pen in hand photo</folder>
	<filename>93. main-qimg-200bfdeebe734b2575ee58b604660c9a-c.jpg</filename>
	<path>C:\Users\shankul\google-images-download\downloads\Pen in hand photo\93. main-qimg-200bfdeebe734b2575ee58b604660c9a-c.jpg</path>
	<source>
		<database>Unknown</database>
	</source>
	<size>
		<width>564</width>
		<height>1000</height>
		<depth>3</depth>
	</size>
	<segmented>0</segmented>
	<object>
		<name>pen</name>
		<pose>Unspecified</pose>
		<truncated>0</truncated>
		<difficult>0</difficult>
		<bndbox>
			<xmin>317</xmin>
			<ymin>73</ymin>
			<xmax>426</xmax>
			<ymax>722</ymax>
		</bndbox>
	</object>
</annotation>
