<annotation>
	<folder>Pen in hand photo</folder>
	<filename>9. 784ec868effa2399e407760b0f2a285e.jpg</filename>
	<path>C:\Users\shankul\google-images-download\downloads\Pen in hand photo\9. 784ec868effa2399e407760b0f2a285e.jpg</path>
	<source>
		<database>Unknown</database>
	</source>
	<size>
		<width>650</width>
		<height>526</height>
		<depth>3</depth>
	</size>
	<segmented>0</segmented>
	<object>
		<name>pen</name>
		<pose>Unspecified</pose>
		<truncated>0</truncated>
		<difficult>0</difficult>
		<bndbox>
			<xmin>76</xmin>
			<ymin>165</ymin>
			<xmax>398</xmax>
			<ymax>242</ymax>
		</bndbox>
	</object>
</annotation>
