<annotation>
	<folder>Pen in hand photo</folder>
	<filename>82. 687474703a2f2f692e696d6775722e636f6d2f746b76746172532e6a7067.jpg</filename>
	<path>C:\Users\shankul\google-images-download\downloads\Pen in hand photo\82. 687474703a2f2f692e696d6775722e636f6d2f746b76746172532e6a7067.jpg</path>
	<source>
		<database>Unknown</database>
	</source>
	<size>
		<width>2560</width>
		<height>1920</height>
		<depth>3</depth>
	</size>
	<segmented>0</segmented>
	<object>
		<name>pen</name>
		<pose>Unspecified</pose>
		<truncated>0</truncated>
		<difficult>0</difficult>
		<bndbox>
			<xmin>731</xmin>
			<ymin>463</ymin>
			<xmax>2281</xmax>
			<ymax>1376</ymax>
		</bndbox>
	</object>
</annotation>
