<annotation>
	<folder>pen</folder>
	<filename>1. cross-bailey-medalist-fountain-pen.jpg</filename>
	<path>C:/Users/shankul/google-images-download/downloads/pen/1. cross-bailey-medalist-fountain-pen.jpg</path>
	<source>
		<database>Unknown</database>
	</source>
	<size>
		<width>2100</width>
		<height>2100</height>
		<depth>3</depth>
	</size>
	<segmented>0</segmented>
	<object>
		<name>pen</name>
		<pose>Unspecified</pose>
		<truncated>0</truncated>
		<difficult>0</difficult>
		<bndbox>
			<xmin>157</xmin>
			<ymin>125</ymin>
			<xmax>1966</xmax>
			<ymax>1963</ymax>
		</bndbox>
	</object>
</annotation>
