<annotation>
	<folder>Pen in hand photo</folder>
	<filename>80. pelikan-m200-posted-1024x819.jpg</filename>
	<path>C:\Users\shankul\google-images-download\downloads\Pen in hand photo\80. pelikan-m200-posted-1024x819.jpg</path>
	<source>
		<database>Unknown</database>
	</source>
	<size>
		<width>1024</width>
		<height>819</height>
		<depth>3</depth>
	</size>
	<segmented>0</segmented>
	<object>
		<name>pen</name>
		<pose>Unspecified</pose>
		<truncated>0</truncated>
		<difficult>0</difficult>
		<bndbox>
			<xmin>98</xmin>
			<ymin>320</ymin>
			<xmax>218</xmax>
			<ymax>579</ymax>
		</bndbox>
	</object>
	<object>
		<name>pen</name>
		<pose>Unspecified</pose>
		<truncated>0</truncated>
		<difficult>0</difficult>
		<bndbox>
			<xmin>450</xmin>
			<ymin>306</ymin>
			<xmax>624</xmax>
			<ymax>530</ymax>
		</bndbox>
	</object>
	<object>
		<name>pen</name>
		<pose>Unspecified</pose>
		<truncated>0</truncated>
		<difficult>0</difficult>
		<bndbox>
			<xmin>814</xmin>
			<ymin>301</ymin>
			<xmax>914</xmax>
			<ymax>558</ymax>
		</bndbox>
	</object>
</annotation>
