<annotation>
	<folder>pen</folder>
	<filename>10. 13643.jpg</filename>
	<path>C:\Users\shankul\google-images-download\downloads\pen\10. 13643.jpg</path>
	<source>
		<database>Unknown</database>
	</source>
	<size>
		<width>600</width>
		<height>400</height>
		<depth>3</depth>
	</size>
	<segmented>0</segmented>
	<object>
		<name>pen</name>
		<pose>Unspecified</pose>
		<truncated>0</truncated>
		<difficult>0</difficult>
		<bndbox>
			<xmin>36</xmin>
			<ymin>16</ymin>
			<xmax>582</xmax>
			<ymax>382</ymax>
		</bndbox>
	</object>
</annotation>
