<annotation>
	<folder>Pen in hand photo</folder>
	<filename>83. od-bd615a_writi_dv_20140904120732.jpg</filename>
	<path>C:\Users\shankul\google-images-download\downloads\Pen in hand photo\83. od-bd615a_writi_dv_20140904120732.jpg</path>
	<source>
		<database>Unknown</database>
	</source>
	<size>
		<width>262</width>
		<height>394</height>
		<depth>3</depth>
	</size>
	<segmented>0</segmented>
	<object>
		<name>pen</name>
		<pose>Unspecified</pose>
		<truncated>0</truncated>
		<difficult>0</difficult>
		<bndbox>
			<xmin>8</xmin>
			<ymin>91</ymin>
			<xmax>185</xmax>
			<ymax>107</ymax>
		</bndbox>
	</object>
</annotation>
