<annotation>
	<folder>Pen in hand photo</folder>
	<filename>89. 20170708_215917.jpg</filename>
	<path>C:\Users\shankul\google-images-download\downloads\Pen in hand photo\89. 20170708_215917.jpg</path>
	<source>
		<database>Unknown</database>
	</source>
	<size>
		<width>4032</width>
		<height>3024</height>
		<depth>3</depth>
	</size>
	<segmented>0</segmented>
	<object>
		<name>pen</name>
		<pose>Unspecified</pose>
		<truncated>0</truncated>
		<difficult>0</difficult>
		<bndbox>
			<xmin>258</xmin>
			<ymin>472</ymin>
			<xmax>3793</xmax>
			<ymax>2218</ymax>
		</bndbox>
	</object>
</annotation>
