<annotation>
	<folder>pen</folder>
	<filename>11. ensso-minimal-fountain-pen-black-aluminum-3.jpg</filename>
	<path>C:\Users\shankul\google-images-download\downloads\pen\11. ensso-minimal-fountain-pen-black-aluminum-3.jpg</path>
	<source>
		<database>Unknown</database>
	</source>
	<size>
		<width>2048</width>
		<height>1212</height>
		<depth>3</depth>
	</size>
	<segmented>0</segmented>
	<object>
		<name>pen</name>
		<pose>Unspecified</pose>
		<truncated>0</truncated>
		<difficult>0</difficult>
		<bndbox>
			<xmin>67</xmin>
			<ymin>478</ymin>
			<xmax>1996</xmax>
			<ymax>767</ymax>
		</bndbox>
	</object>
</annotation>
