<annotation>
	<folder>pen</folder>
	<filename>13. meisterstuck-platinum-line-legrand-traveller-fountain-pen-3_2.jpg</filename>
	<path>C:\Users\shankul\google-images-download\downloads\pen\13. meisterstuck-platinum-line-legrand-traveller-fountain-pen-3_2.jpg</path>
	<source>
		<database>Unknown</database>
	</source>
	<size>
		<width>1545</width>
		<height>1545</height>
		<depth>3</depth>
	</size>
	<segmented>0</segmented>
	<object>
		<name>pen</name>
		<pose>Unspecified</pose>
		<truncated>0</truncated>
		<difficult>0</difficult>
		<bndbox>
			<xmin>392</xmin>
			<ymin>11</ymin>
			<xmax>1182</xmax>
			<ymax>1538</ymax>
		</bndbox>
	</object>
</annotation>
