<annotation>
	<folder>pen</folder>
	<filename>14. pen_mockup1_2_1024x1024.jpg</filename>
	<path>C:\Users\shankul\google-images-download\downloads\pen\14. pen_mockup1_2_1024x1024.jpg</path>
	<source>
		<database>Unknown</database>
	</source>
	<size>
		<width>1024</width>
		<height>948</height>
		<depth>3</depth>
	</size>
	<segmented>0</segmented>
	<object>
		<name>pen</name>
		<pose>Unspecified</pose>
		<truncated>0</truncated>
		<difficult>0</difficult>
		<bndbox>
			<xmin>5</xmin>
			<ymin>37</ymin>
			<xmax>1007</xmax>
			<ymax>935</ymax>
		</bndbox>
	</object>
</annotation>
