<annotation>
	<folder>pen</folder>
	<filename>17. item_xl_8499792_8318022.jpg</filename>
	<path>C:\Users\shankul\google-images-download\downloads\pen\17. item_xl_8499792_8318022.jpg</path>
	<source>
		<database>Unknown</database>
	</source>
	<size>
		<width>600</width>
		<height>514</height>
		<depth>3</depth>
	</size>
	<segmented>0</segmented>
	<object>
		<name>pen</name>
		<pose>Unspecified</pose>
		<truncated>0</truncated>
		<difficult>0</difficult>
		<bndbox>
			<xmin>2</xmin>
			<ymin>46</ymin>
			<xmax>597</xmax>
			<ymax>472</ymax>
		</bndbox>
	</object>
</annotation>
