<annotation>
	<folder>pen</folder>
	<filename>16. sn15427-bu-zzz~schneider-slider-memo-xb-ballpoint-pen-blue_p1.jpg</filename>
	<path>C:\Users\shankul\google-images-download\downloads\pen\16. sn15427-bu-zzz~schneider-slider-memo-xb-ballpoint-pen-blue_p1.jpg</path>
	<source>
		<database>Unknown</database>
	</source>
	<size>
		<width>600</width>
		<height>600</height>
		<depth>3</depth>
	</size>
	<segmented>0</segmented>
	<object>
		<name>pen</name>
		<pose>Unspecified</pose>
		<truncated>0</truncated>
		<difficult>0</difficult>
		<bndbox>
			<xmin>11</xmin>
			<ymin>9</ymin>
			<xmax>590</xmax>
			<ymax>589</ymax>
		</bndbox>
	</object>
</annotation>
