<annotation>
	<folder>pen</folder>
	<filename>2. 44429_2_1200px.jpg</filename>
	<path>C:\Users\shankul\google-images-download\downloads\pen\2. 44429_2_1200px.jpg</path>
	<source>
		<database>Unknown</database>
	</source>
	<size>
		<width>1200</width>
		<height>1200</height>
		<depth>3</depth>
	</size>
	<segmented>0</segmented>
	<object>
		<name>pen</name>
		<pose>Unspecified</pose>
		<truncated>0</truncated>
		<difficult>0</difficult>
		<bndbox>
			<xmin>22</xmin>
			<ymin>103</ymin>
			<xmax>1182</xmax>
			<ymax>1057</ymax>
		</bndbox>
	</object>
</annotation>
