<annotation>
	<folder>pen</folder>
	<filename>12. k600.jpg</filename>
	<path>C:\Users\shankul\google-images-download\downloads\pen\12. k600.jpg</path>
	<source>
		<database>Unknown</database>
	</source>
	<size>
		<width>555</width>
		<height>450</height>
		<depth>3</depth>
	</size>
	<segmented>0</segmented>
	<object>
		<name>pen</name>
		<pose>Unspecified</pose>
		<truncated>0</truncated>
		<difficult>0</difficult>
		<bndbox>
			<xmin>13</xmin>
			<ymin>6</ymin>
			<xmax>541</xmax>
			<ymax>441</ymax>
		</bndbox>
	</object>
</annotation>
