<annotation>
	<folder>pen</folder>
	<filename>20. mc5001_3.jpg</filename>
	<path>C:\Users\shankul\google-images-download\downloads\pen\20. mc5001_3.jpg</path>
	<source>
		<database>Unknown</database>
	</source>
	<size>
		<width>450</width>
		<height>450</height>
		<depth>3</depth>
	</size>
	<segmented>0</segmented>
	<object>
		<name>pen</name>
		<pose>Unspecified</pose>
		<truncated>0</truncated>
		<difficult>0</difficult>
		<bndbox>
			<xmin>62</xmin>
			<ymin>2</ymin>
			<xmax>447</xmax>
			<ymax>408</ymax>
		</bndbox>
	</object>
</annotation>
