<annotation>
	<folder>pen</folder>
	<filename>18. 220px-carandache_ecridor.jpg</filename>
	<path>C:\Users\shankul\google-images-download\downloads\pen\18. 220px-carandache_ecridor.jpg</path>
	<source>
		<database>Unknown</database>
	</source>
	<size>
		<width>220</width>
		<height>220</height>
		<depth>1</depth>
	</size>
	<segmented>0</segmented>
	<object>
		<name>pen</name>
		<pose>Unspecified</pose>
		<truncated>0</truncated>
		<difficult>0</difficult>
		<bndbox>
			<xmin>2</xmin>
			<ymin>26</ymin>
			<xmax>218</xmax>
			<ymax>219</ymax>
		</bndbox>
	</object>
</annotation>
