<annotation>
	<folder>pen</folder>
	<filename>19. catalog_detail_image_large.jpg</filename>
	<path>C:\Users\shankul\google-images-download\downloads\pen\19. catalog_detail_image_large.jpg</path>
	<source>
		<database>Unknown</database>
	</source>
	<size>
		<width>959</width>
		<height>959</height>
		<depth>3</depth>
	</size>
	<segmented>0</segmented>
	<object>
		<name>pen</name>
		<pose>Unspecified</pose>
		<truncated>0</truncated>
		<difficult>0</difficult>
		<bndbox>
			<xmin>37</xmin>
			<ymin>76</ymin>
			<xmax>896</xmax>
			<ymax>925</ymax>
		</bndbox>
	</object>
</annotation>
