<annotation>
	<folder>pen</folder>
	<filename>3. 190557-ecom-retina-01.png.adapt.248.248.jpg</filename>
	<path>C:\Users\shankul\google-images-download\downloads\pen\3. 190557-ecom-retina-01.png.adapt.248.248.jpg</path>
	<source>
		<database>Unknown</database>
	</source>
	<size>
		<width>248</width>
		<height>248</height>
		<depth>3</depth>
	</size>
	<segmented>0</segmented>
	<object>
		<name>pen</name>
		<pose>Unspecified</pose>
		<truncated>1</truncated>
		<difficult>0</difficult>
		<bndbox>
			<xmin>21</xmin>
			<ymin>35</ymin>
			<xmax>228</xmax>
			<ymax>248</ymax>
		</bndbox>
	</object>
</annotation>
