<annotation>
	<folder>pen</folder>
	<filename>30. 170517_smile_more_pens_web_2048x2048.jpg</filename>
	<path>C:\Users\shankul\google-images-download\downloads\pen\30. 170517_smile_more_pens_web_2048x2048.jpg</path>
	<source>
		<database>Unknown</database>
	</source>
	<size>
		<width>1024</width>
		<height>1024</height>
		<depth>3</depth>
	</size>
	<segmented>0</segmented>
	<object>
		<name>pen</name>
		<pose>Unspecified</pose>
		<truncated>0</truncated>
		<difficult>0</difficult>
		<bndbox>
			<xmin>502</xmin>
			<ymin>82</ymin>
			<xmax>574</xmax>
			<ymax>956</ymax>
		</bndbox>
	</object>
	<object>
		<name>pen</name>
		<pose>Unspecified</pose>
		<truncated>0</truncated>
		<difficult>0</difficult>
		<bndbox>
			<xmin>59</xmin>
			<ymin>105</ymin>
			<xmax>488</xmax>
			<ymax>955</ymax>
		</bndbox>
	</object>
	<object>
		<name>pen</name>
		<pose>Unspecified</pose>
		<truncated>0</truncated>
		<difficult>0</difficult>
		<bndbox>
			<xmin>597</xmin>
			<ymin>64</ymin>
			<xmax>936</xmax>
			<ymax>964</ymax>
		</bndbox>
	</object>
</annotation>
