<annotation>
	<folder>pen</folder>
	<filename>23. bp18-1-350x434.jpg</filename>
	<path>C:\Users\shankul\google-images-download\downloads\pen\23. bp18-1-350x434.jpg</path>
	<source>
		<database>Unknown</database>
	</source>
	<size>
		<width>350</width>
		<height>434</height>
		<depth>3</depth>
	</size>
	<segmented>0</segmented>
	<object>
		<name>pen</name>
		<pose>Unspecified</pose>
		<truncated>0</truncated>
		<difficult>0</difficult>
		<bndbox>
			<xmin>151</xmin>
			<ymin>16</ymin>
			<xmax>198</xmax>
			<ymax>409</ymax>
		</bndbox>
	</object>
</annotation>
