<annotation>
	<folder>people showing pen photo</folder>
	<filename>20. text-sign-showing-create-a-circle-of-influence-conceptual-photo-be-an-influencer-leader-motivate-other-people-hand-hold-paper-lob-and-red-pen-red-cir-paj2wh.jpg</filename>
	<path>C:\Users\shankul\Desktop\object-detection\images\train\img9.jpg</path>
	<source>
		<database>Unknown</database>
	</source>
	<size>
		<width>1300</width>
		<height>956</height>
		<depth>3</depth>
	</size>
	<segmented>0</segmented>
	<object>
		<name>pen</name>
		<pose>Unspecified</pose>
		<truncated>0</truncated>
		<difficult>0</difficult>
		<bndbox>
			<xmin>821</xmin>
			<ymin>508</ymin>
			<xmax>1081</xmax>
			<ymax>863</ymax>
		</bndbox>
	</object>
</annotation>
