<annotation>
	<folder>pen</folder>
	<filename>27. 51dfesdn5nl._ul1500_.jpg</filename>
	<path>C:\Users\shankul\google-images-download\downloads\pen\27. 51dfesdn5nl._ul1500_.jpg</path>
	<source>
		<database>Unknown</database>
	</source>
	<size>
		<width>1500</width>
		<height>1500</height>
		<depth>1</depth>
	</size>
	<segmented>0</segmented>
	<object>
		<name>pen</name>
		<pose>Unspecified</pose>
		<truncated>0</truncated>
		<difficult>0</difficult>
		<bndbox>
			<xmin>30</xmin>
			<ymin>45</ymin>
			<xmax>1450</xmax>
			<ymax>1464</ymax>
		</bndbox>
	</object>
</annotation>
