<annotation>
	<folder>pen</folder>
	<filename>26. bk910a-a_1_1.png</filename>
	<path>C:\Users\shankul\google-images-download\downloads\pen\26. bk910a-a_1_1.png</path>
	<source>
		<database>Unknown</database>
	</source>
	<size>
		<width>1919</width>
		<height>2560</height>
		<depth>3</depth>
	</size>
	<segmented>0</segmented>
	<object>
		<name>pen</name>
		<pose>Unspecified</pose>
		<truncated>0</truncated>
		<difficult>0</difficult>
		<bndbox>
			<xmin>377</xmin>
			<ymin>230</ymin>
			<xmax>1553</xmax>
			<ymax>1936</ymax>
		</bndbox>
	</object>
</annotation>
