<annotation>
	<folder>pen</folder>
	<filename>29. droplet-pen-yellow.jpg</filename>
	<path>C:\Users\shankul\google-images-download\downloads\pen\29. droplet-pen-yellow.jpg</path>
	<source>
		<database>Unknown</database>
	</source>
	<size>
		<width>924</width>
		<height>924</height>
		<depth>3</depth>
	</size>
	<segmented>0</segmented>
	<object>
		<name>pen</name>
		<pose>Unspecified</pose>
		<truncated>0</truncated>
		<difficult>0</difficult>
		<bndbox>
			<xmin>13</xmin>
			<ymin>90</ymin>
			<xmax>862</xmax>
			<ymax>842</ymax>
		</bndbox>
	</object>
</annotation>
