<annotation>
	<folder>pen</folder>
	<filename>21. cello-pen-500x500.jpg</filename>
	<path>C:\Users\shankul\google-images-download\downloads\pen\21. cello-pen-500x500.jpg</path>
	<source>
		<database>Unknown</database>
	</source>
	<size>
		<width>500</width>
		<height>500</height>
		<depth>3</depth>
	</size>
	<segmented>0</segmented>
	<object>
		<name>pen</name>
		<pose>Unspecified</pose>
		<truncated>0</truncated>
		<difficult>0</difficult>
		<bndbox>
			<xmin>154</xmin>
			<ymin>9</ymin>
			<xmax>370</xmax>
			<ymax>477</ymax>
		</bndbox>
	</object>
</annotation>
