<annotation>
	<folder>pen</folder>
	<filename>22. 220px-03-biccristal2008-03-26.jpg</filename>
	<path>C:\Users\shankul\google-images-download\downloads\pen\22. 220px-03-biccristal2008-03-26.jpg</path>
	<source>
		<database>Unknown</database>
	</source>
	<size>
		<width>220</width>
		<height>147</height>
		<depth>3</depth>
	</size>
	<segmented>0</segmented>
	<object>
		<name>pen</name>
		<pose>Unspecified</pose>
		<truncated>0</truncated>
		<difficult>0</difficult>
		<bndbox>
			<xmin>9</xmin>
			<ymin>29</ymin>
			<xmax>159</xmax>
			<ymax>110</ymax>
		</bndbox>
	</object>
</annotation>
