<annotation>
	<folder>pen</folder>
	<filename>25. s3_pr.png</filename>
	<path>C:\Users\shankul\google-images-download\downloads\pen\25. s3_pr.png</path>
	<source>
		<database>Unknown</database>
	</source>
	<size>
		<width>443</width>
		<height>544</height>
		<depth>3</depth>
	</size>
	<segmented>0</segmented>
	<object>
		<name>pen</name>
		<pose>Unspecified</pose>
		<truncated>0</truncated>
		<difficult>0</difficult>
		<bndbox>
			<xmin>7</xmin>
			<ymin>6</ymin>
			<xmax>427</xmax>
			<ymax>539</ymax>
		</bndbox>
	</object>
</annotation>
